time,PUTs,updates
2016-03-19T01:49:03,1, 1
2016-03-19T01:49:56,1, 1
2016-03-19T01:50:28,1, 1
2016-03-19T01:50:29,1, 1
2016-03-19T01:50:30,1, 0
2016-03-19T01:50:31,2, 0
2016-03-19T01:50:41,1, 0
2016-03-19T01:51:33,1, 1
2016-03-19T01:52:22,1, 0
2016-03-19T01:53:14,1, 1
2016-03-19T01:54:02,1, 0
2016-03-19T01:54:55,1, 0
2016-03-19T01:55:42,1, 0
2016-03-19T01:56:11,1, 1
2016-03-19T01:56:36,1, 0
2016-03-19T01:57:22,1, 0
2016-03-19T01:57:51,1, 1
2016-03-19T01:58:17,1, 0
2016-03-19T01:58:26,1, 1
2016-03-19T01:58:27,2, 1
2016-03-19T01:58:28,1, 0
2016-03-19T01:58:29,1, 0
2016-03-19T01:58:30,1, 0
2016-03-19T01:58:31,1, 0
2016-03-19T01:58:32,2, 0
2016-03-19T01:58:33,1, 0
2016-03-19T01:58:34,1, 0
2016-03-19T01:58:35,1, 0
2016-03-19T01:58:36,1, 0
2016-03-19T01:58:37,2, 0
2016-03-19T01:58:38,1, 0
2016-03-19T01:58:39,1, 0
2016-03-19T01:58:40,1, 0
2016-03-19T01:58:41,1, 0
2016-03-19T01:58:42,1, 0
2016-03-19T01:58:43,2, 0
2016-03-19T01:58:44,1, 0
2016-03-19T01:58:45,1, 0
2016-03-19T01:58:46,1, 0
2016-03-19T01:58:47,1, 0
2016-03-19T01:58:48,1, 0
2016-03-19T01:58:49,2, 0
2016-03-19T01:58:50,1, 0
2016-03-19T01:58:51,1, 0
2016-03-19T01:58:52,1, 0
2016-03-19T01:58:53,1, 0
2016-03-19T01:58:54,1, 0
2016-03-19T01:58:55,1, 0
2016-03-19T01:58:56,2, 0
2016-03-19T01:58:57,1, 0
2016-03-19T01:58:58,1, 0
2016-03-19T01:58:59,1, 0
2016-03-19T01:59:00,1, 0
2016-03-19T01:59:01,1, 0
2016-03-19T01:59:02,2, 0
2016-03-19T01:59:03,1, 0
2016-03-19T01:59:04,1, 0
2016-03-19T01:59:05,1, 0
2016-03-19T01:59:06,1, 0
2016-03-19T01:59:07,1, 0
2016-03-19T01:59:08,1, 0
2016-03-19T01:59:09,1, 0
2016-03-19T01:59:10,1, 0
2016-03-19T01:59:11,1, 0
2016-03-19T01:59:13,1, 0
2016-03-19T01:59:14,1, 0
2016-03-19T01:59:15,1, 0
2016-03-19T01:59:17,1, 0
2016-03-19T01:59:18,1, 0
2016-03-19T01:59:19,1, 0
2016-03-19T01:59:21,1, 0
2016-03-19T01:59:22,1, 0
2016-03-19T01:59:23,1, 0
2016-03-19T01:59:31,1, 0
2016-03-19T01:59:33,1, 0
2016-03-19T01:59:34,1, 0
2016-03-19T01:59:36,1, 0
2016-03-19T01:59:37,1, 0
2016-03-19T01:59:51,1, 1
2016-03-19T01:59:52,1, 1
2016-03-19T01:59:53,1, 1
2016-03-19T01:59:54,1, 1
2016-03-19T01:59:55,1, 0
2016-03-19T01:59:56,1, 0
2016-03-19T01:59:57,2, 1
2016-03-19T01:59:58,1, 0
2016-03-19T01:59:59,1, 0
2016-03-19T02:00:00,1, 0
2016-03-19T02:00:01,1, 0
2016-03-19T02:00:03,1, 0
2016-03-19T02:00:42,1, 0
2016-03-19T02:01:11,1, 0
2016-03-19T02:01:38,1, 0
2016-03-19T02:02:22,1, 0
2016-03-19T02:02:51,1, 0
2016-03-19T02:03:19,1, 0
2016-03-19T02:04:02,1, 0
2016-03-19T02:04:31,1, 0
2016-03-19T02:05:00,1, 0
2016-03-19T02:05:42,1, 0
2016-03-19T02:06:11,1, 0
2016-03-19T02:06:41,1, 0
2016-03-19T02:07:22,1, 0
2016-03-19T02:07:51,1, 0
2016-03-19T02:08:22,1, 0
2016-03-19T02:09:02,1, 0
2016-03-19T02:09:31,1, 0
2016-03-19T02:10:03,1, 0
2016-03-19T02:10:42,1, 0
2016-03-19T02:10:59,1, 1
2016-03-19T02:11:01,1, 1
2016-03-19T02:11:02,1, 1
2016-03-19T02:11:04,1, 0
2016-03-19T02:11:06,1, 0
2016-03-19T02:11:08,1, 0
2016-03-19T02:11:11,1, 0
2016-03-19T02:11:12,1, 0
2016-03-19T02:11:15,1, 1
2016-03-19T02:11:17,1, 0
2016-03-19T02:11:20,1, 0
2016-03-19T02:11:44,1, 0
2016-03-19T02:12:22,1, 0
2016-03-19T02:12:51,1, 0
2016-03-19T02:13:25,1, 0
2016-03-19T02:14:02,1, 0
2016-03-19T02:14:31,1, 0
2016-03-19T02:15:06,1, 0
2016-03-19T02:15:42,1, 0
2016-03-19T02:16:11,1, 0
2016-03-19T02:16:46,1, 0
2016-03-19T02:17:22,1, 0
2016-03-19T02:17:45,1, 1
2016-03-19T02:17:46,1, 1
2016-03-19T02:17:47,1, 1
2016-03-19T02:17:48,1, 0
2016-03-19T02:17:49,1, 0
2016-03-19T02:17:50,1, 0
2016-03-19T02:17:51,1, 0
2016-03-19T02:17:52,1, 0
2016-03-19T02:17:53,1, 0
2016-03-19T02:17:54,1, 0
2016-03-19T02:17:55,1, 0
2016-03-19T02:17:56,1, 0
2016-03-19T02:17:57,1, 0
2016-03-19T02:17:58,1, 0
2016-03-19T02:17:59,1, 0
2016-03-19T02:18:05,1, 0
2016-03-19T02:18:06,1, 0
2016-03-19T02:18:07,1, 0
2016-03-19T02:18:08,1, 0
2016-03-19T02:18:09,1, 1
2016-03-19T02:18:10,1, 0
2016-03-19T02:18:11,1, 0
2016-03-19T02:18:12,1, 0
2016-03-19T02:18:13,1, 0
2016-03-19T02:18:14,1, 0
2016-03-19T02:18:15,1, 0
2016-03-19T02:18:16,1, 0
2016-03-19T02:18:17,1, 0
2016-03-19T02:18:19,1, 0
2016-03-19T02:18:20,1, 0
2016-03-19T02:18:21,1, 0
2016-03-19T02:18:22,1, 0
2016-03-19T02:18:23,1, 0
2016-03-19T02:18:24,1, 0
2016-03-19T02:18:25,1, 0
2016-03-19T02:18:27,2, 0
2016-03-19T02:18:28,1, 0
2016-03-19T02:18:29,1, 0
2016-03-19T02:18:31,1, 0
2016-03-19T02:18:32,1, 0
2016-03-19T02:18:33,1, 0
2016-03-19T02:18:35,1, 0
2016-03-19T02:18:36,1, 0
2016-03-19T02:18:37,1, 0
2016-03-19T02:18:38,1, 0
2016-03-19T02:18:39,1, 0
2016-03-19T02:18:41,1, 0
2016-03-19T02:18:42,1, 0
2016-03-19T02:18:43,1, 0
2016-03-19T02:18:44,1, 0
2016-03-19T02:18:45,1, 0
2016-03-19T02:18:46,1, 0
2016-03-19T02:18:48,1, 0
2016-03-19T02:18:49,1, 0
2016-03-19T02:18:50,1, 0
2016-03-19T02:18:52,1, 0
2016-03-19T02:18:53,1, 0
2016-03-19T02:18:55,1, 0
2016-03-19T02:18:56,1, 0
2016-03-19T02:18:58,1, 0
2016-03-19T02:18:59,1, 0
2016-03-19T02:19:00,1, 0
2016-03-19T02:19:02,2, 0
2016-03-19T02:19:03,1, 0
2016-03-19T02:19:05,1, 0
2016-03-19T02:19:06,1, 0
2016-03-19T02:19:08,1, 0
2016-03-19T02:19:09,1, 0
2016-03-19T02:19:10,1, 0
2016-03-19T02:19:12,1, 0
2016-03-19T02:19:13,1, 0
2016-03-19T02:19:15,1, 0
2016-03-19T02:19:16,1, 0
2016-03-19T02:19:17,1, 0
2016-03-19T02:19:19,1, 0
2016-03-19T02:19:20,1, 0
2016-03-19T02:19:22,1, 0
2016-03-19T02:19:23,1, 0
2016-03-19T02:19:24,1, 0
2016-03-19T02:19:26,1, 0
2016-03-19T02:19:27,1, 0
2016-03-19T02:19:29,1, 0
2016-03-19T02:19:30,1, 0
2016-03-19T02:19:31,1, 0
2016-03-19T02:19:32,1, 0
2016-03-19T02:19:33,1, 0
2016-03-19T02:19:34,1, 0
2016-03-19T02:19:36,1, 0
2016-03-19T02:19:37,1, 0
2016-03-19T02:19:39,1, 0
2016-03-19T02:19:40,1, 0
2016-03-19T02:19:42,1, 0
2016-03-19T02:19:43,1, 0
2016-03-19T02:19:45,1, 0
2016-03-19T02:19:46,1, 0
2016-03-19T02:19:47,1, 0
2016-03-19T02:19:49,1, 0
2016-03-19T02:19:50,1, 0
2016-03-19T02:19:52,1, 0
2016-03-19T02:19:53,1, 0
2016-03-19T02:19:54,1, 0
2016-03-19T02:19:56,1, 0
2016-03-19T02:19:57,1, 0
2016-03-19T02:19:59,1, 0
2016-03-19T02:20:00,1, 0
2016-03-19T02:20:01,1, 0
2016-03-19T02:20:03,1, 0
2016-03-19T02:20:04,1, 0
2016-03-19T02:20:06,1, 0
2016-03-19T02:20:07,1, 0
2016-03-19T02:20:08,2, 0
2016-03-19T02:20:10,1, 0
2016-03-19T02:20:11,1, 0
2016-03-19T02:20:13,1, 0
2016-03-19T02:20:14,1, 0
2016-03-19T02:20:15,1, 0
2016-03-19T02:20:17,1, 0
2016-03-19T02:20:18,1, 0
2016-03-19T02:20:20,1, 0
2016-03-19T02:20:21,1, 0
2016-03-19T02:20:23,1, 0
2016-03-19T02:20:24,1, 0
2016-03-19T02:20:25,1, 0
2016-03-19T02:20:27,1, 0
2016-03-19T02:20:28,1, 0
2016-03-19T02:20:30,1, 0
2016-03-19T02:20:31,1, 0
2016-03-19T02:20:33,1, 0
2016-03-19T02:20:34,1, 0
2016-03-19T02:20:35,1, 0
2016-03-19T02:20:37,1, 0
2016-03-19T02:20:38,1, 0
2016-03-19T02:20:40,1, 0
2016-03-19T02:20:41,1, 0
2016-03-19T02:20:42,1, 0
2016-03-19T02:20:43,1, 0
2016-03-19T02:20:44,1, 0
2016-03-19T02:20:45,1, 0
2016-03-19T02:20:47,1, 0
2016-03-19T02:20:48,1, 0
2016-03-19T02:20:50,1, 0
2016-03-19T02:20:51,1, 0
2016-03-19T02:20:52,2, 0
2016-03-19T02:20:54,1, 0
2016-03-19T02:20:55,2, 0
2016-03-19T02:20:56,1, 0
2016-03-19T02:20:57,2, 0
2016-03-19T02:20:58,2, 0
2016-03-19T02:20:59,2, 0
2016-03-19T02:21:00,1, 0
2016-03-19T02:21:01,2, 0
2016-03-19T02:21:02,2, 0
2016-03-19T02:21:03,1, 0
2016-03-19T02:21:04,2, 0
2016-03-19T02:21:05,2, 0
2016-03-19T02:21:06,1, 0
2016-03-19T02:21:07,2, 0
2016-03-19T02:21:08,1, 0
2016-03-19T02:21:09,1, 0
2016-03-19T02:21:11,1, 0
2016-03-19T02:21:12,1, 0
2016-03-19T02:21:14,1, 0
2016-03-19T02:21:15,1, 0
2016-03-19T02:21:17,1, 0
2016-03-19T02:21:18,1, 0
2016-03-19T02:21:19,1, 0
2016-03-19T02:21:21,1, 0
2016-03-19T02:21:22,1, 0
2016-03-19T02:21:24,1, 0
2016-03-19T02:21:25,1, 0
2016-03-19T02:21:26,1, 0
2016-03-19T02:21:28,1, 0
2016-03-19T02:21:29,1, 0
2016-03-19T02:21:31,1, 0
2016-03-19T02:21:32,1, 0
2016-03-19T02:21:33,1, 0
2016-03-19T02:21:35,1, 0
2016-03-19T02:21:36,1, 0
2016-03-19T02:21:38,1, 0
2016-03-19T02:21:39,1, 0
2016-03-19T02:21:41,1, 0
2016-03-19T02:21:42,1, 0
2016-03-19T02:21:43,1, 0
2016-03-19T02:21:45,1, 0
2016-03-19T02:21:46,1, 0
2016-03-19T02:21:48,1, 0
2016-03-19T02:21:49,2, 0
2016-03-19T02:21:50,1, 0
2016-03-19T02:21:52,1, 0
2016-03-19T02:21:53,1, 0
2016-03-19T02:21:55,1, 0
2016-03-19T02:21:56,1, 0
2016-03-19T02:21:58,1, 0
2016-03-19T02:21:59,1, 0
2016-03-19T02:22:22,1, 0
2016-03-19T02:22:55,1, 1
2016-03-19T02:22:59,1, 1
2016-03-19T02:23:03,1, 0
2016-03-19T02:23:06,1, 1
2016-03-19T02:23:11,1, 0
2016-03-19T02:23:15,1, 0
2016-03-19T02:23:20,1, 0
2016-03-19T02:23:25,1, 0
2016-03-19T02:23:29,1, 0
2016-03-19T02:23:30,1, 0
2016-03-19T02:23:32,1, 0
2016-03-19T02:24:02,1, 0
2016-03-19T02:25:11,1, 0
2016-03-19T02:25:42,1, 0
2016-03-19T02:26:52,1, 0
2016-03-19T02:27:22,1, 0
2016-03-19T02:28:32,1, 0
2016-03-19T02:29:02,1, 0
2016-03-19T02:30:13,1, 0
2016-03-19T02:30:42,1, 0
2016-03-19T02:31:54,1, 0
2016-03-19T02:32:22,1, 0
2016-03-19T02:33:35,1, 0
2016-03-19T02:34:02,1, 0
2016-03-19T02:35:16,1, 0
2016-03-19T02:35:42,2, 1
2016-03-19T02:36:01,1, 1
2016-03-19T02:36:57,1, 0
2016-03-19T02:37:22,1, 0
2016-03-19T02:37:30,1, 1
2016-03-19T02:37:31,1, 1
2016-03-19T02:37:32,1, 1
2016-03-19T02:37:33,1, 0
2016-03-19T02:37:35,1, 0
2016-03-19T02:37:36,1, 0
2016-03-19T02:37:37,1, 0
2016-03-19T02:37:38,1, 0
2016-03-19T02:37:40,1, 0
2016-03-19T02:37:41,1, 1
2016-03-19T02:37:43,1, 0
2016-03-19T02:37:44,1, 0
2016-03-19T02:37:46,1, 0
2016-03-19T02:37:47,1, 0
2016-03-19T02:37:49,1, 0
2016-03-19T02:37:51,1, 0
2016-03-19T02:37:52,1, 0
2016-03-19T02:37:54,1, 0
2016-03-19T02:37:55,1, 0
2016-03-19T02:37:57,1, 1
2016-03-19T02:38:00,1, 0
2016-03-19T02:38:01,1, 0
2016-03-19T02:38:03,1, 0
2016-03-19T02:38:05,1, 0
2016-03-19T02:38:06,1, 0
2016-03-19T02:38:38,1, 0
2016-03-19T02:39:02,1, 0
2016-03-19T02:39:13,1, 1
2016-03-19T02:39:15,1, 1
2016-03-19T02:39:16,1, 0
2016-03-19T02:39:18,1, 1
2016-03-19T02:39:20,1, 0
2016-03-19T02:39:22,1, 0
2016-03-19T02:39:24,1, 0
2016-03-19T02:39:26,1, 0
2016-03-19T02:39:28,1, 0
2016-03-19T02:39:30,1, 0
2016-03-19T02:39:32,1, 0
2016-03-19T02:39:34,1, 0
2016-03-19T02:39:36,1, 0
2016-03-19T02:39:38,1, 0
2016-03-19T02:39:41,1, 0
2016-03-19T02:39:43,1, 0
2016-03-19T02:40:19,1, 0
2016-03-19T02:40:42,1, 0
2016-03-19T02:42:00,1, 0
2016-03-19T02:42:22,1, 0
2016-03-19T02:43:41,1, 0
2016-03-19T02:44:02,1, 0
2016-03-19T02:44:56,1, 1
2016-03-19T02:45:04,1, 1
2016-03-19T02:45:11,1, 1
2016-03-19T02:45:18,1, 0
2016-03-19T02:45:22,1, 0
2016-03-19T02:45:27,1, 0
2016-03-19T02:45:35,1, 0
2016-03-19T02:45:42,1, 0
2016-03-19T02:47:03,1, 0
2016-03-19T02:47:22,1, 0
2016-03-19T02:48:37,1, 1
2016-03-19T02:48:38,1, 1
2016-03-19T02:48:39,1, 1
2016-03-19T02:48:40,1, 1
2016-03-19T02:48:41,1, 1
2016-03-19T02:48:43,1, 0
2016-03-19T02:48:44,2, 0
2016-03-19T02:48:45,1, 0
2016-03-19T02:48:47,1, 0
2016-03-19T02:48:48,1, 1
2016-03-19T02:48:49,1, 0
2016-03-19T02:48:50,1, 0
2016-03-19T02:48:52,1, 0
2016-03-19T02:48:53,1, 0
2016-03-19T02:48:55,1, 0
2016-03-19T02:48:56,1, 0
2016-03-19T02:48:57,1, 0
2016-03-19T02:48:59,1, 0
2016-03-19T02:49:00,1, 0
2016-03-19T02:49:02,2, 0
2016-03-19T02:49:03,1, 0
2016-03-19T02:49:04,1, 0
2016-03-19T02:49:06,1, 0
2016-03-19T02:49:07,1, 0
2016-03-19T02:49:09,1, 0
2016-03-19T02:49:10,1, 0
2016-03-19T02:49:11,1, 0
2016-03-19T02:49:13,1, 0
2016-03-19T02:49:14,1, 0
2016-03-19T02:49:15,1, 0
2016-03-19T02:49:17,1, 0
2016-03-19T02:49:18,1, 0
2016-03-19T02:49:20,1, 0
2016-03-19T02:49:21,1, 0
2016-03-19T02:49:23,1, 1
2016-03-19T02:49:24,1, 0
2016-03-19T02:49:25,1, 0
2016-03-19T02:49:27,1, 0
2016-03-19T02:49:28,1, 0
2016-03-19T02:49:30,1, 0
2016-03-19T02:49:31,1, 0
2016-03-19T02:49:33,1, 0
2016-03-19T02:49:34,1, 0
2016-03-19T02:49:36,1, 0
2016-03-19T02:49:37,1, 0
2016-03-19T02:49:39,1, 0
2016-03-19T02:49:41,1, 0
2016-03-19T02:49:42,1, 1
2016-03-19T02:49:44,1, 0
2016-03-19T02:49:46,1, 0
2016-03-19T02:49:48,1, 0
2016-03-19T02:49:49,1, 0
2016-03-19T02:49:51,1, 0
2016-03-19T02:49:53,1, 0
2016-03-19T02:49:56,1, 0
2016-03-19T02:49:58,1, 0
2016-03-19T02:50:00,1, 0
2016-03-19T02:50:02,1, 1
2016-03-19T02:50:04,1, 1
2016-03-19T02:50:14,1, 1
2016-03-19T02:50:25,1, 0
2016-03-19T02:52:02,1, 1
2016-03-19T02:52:15,1, 1
2016-03-19T02:52:17,1, 1
2016-03-19T02:52:19,1, 1
2016-03-19T02:52:20,1, 1
2016-03-19T02:52:22,1, 1
2016-03-19T02:52:24,1, 0
2016-03-19T02:52:26,1, 0
2016-03-19T02:52:28,1, 0
2016-03-19T02:52:29,1, 0
2016-03-19T02:52:31,1, 0
2016-03-19T02:52:33,1, 0
2016-03-19T02:52:35,1, 0
2016-03-19T02:52:36,1, 1
2016-03-19T02:52:38,1, 1
2016-03-19T02:52:40,1, 0
2016-03-19T02:52:42,1, 0
2016-03-19T02:52:45,1, 0
2016-03-19T02:52:47,1, 1
2016-03-19T02:52:49,1, 1
2016-03-19T02:52:51,1, 1
2016-03-19T02:52:53,1, 1
2016-03-19T02:52:55,1, 1
2016-03-19T02:52:57,1, 1
2016-03-19T02:52:59,1, 0
2016-03-19T02:53:02,1, 0
2016-03-19T02:53:43,1, 1
2016-03-19T02:55:24,1, 1
2016-03-19T02:57:05,1, 0
2016-03-19T02:58:45,1, 0
2016-03-19T03:00:26,1, 0
2016-03-19T03:02:07,1, 0
2016-03-19T03:03:15,1, 1
2016-03-19T03:03:16,2, 2
2016-03-19T03:03:17,1, 1
2016-03-19T03:03:18,1, 1
2016-03-19T03:03:19,1, 1
2016-03-19T03:03:20,2, 0
2016-03-19T03:03:21,1, 0
2016-03-19T03:03:22,1, 0
2016-03-19T03:03:23,1, 0
2016-03-19T03:03:24,2, 0
2016-03-19T03:03:25,1, 0
2016-03-19T03:03:26,1, 0
2016-03-19T03:03:27,1, 0
2016-03-19T03:03:28,1, 0
2016-03-19T03:03:29,2, 0
2016-03-19T03:03:30,1, 0
2016-03-19T03:03:31,1, 0
2016-03-19T03:03:32,1, 0
2016-03-19T03:03:33,1, 0
2016-03-19T03:03:34,2, 0
2016-03-19T03:03:35,1, 0
2016-03-19T03:03:36,1, 0
2016-03-19T03:03:37,1, 0
2016-03-19T03:03:38,1, 0
2016-03-19T03:03:39,1, 0
2016-03-19T03:03:40,2, 0
2016-03-19T03:03:41,1, 0
2016-03-19T03:03:42,1, 0
2016-03-19T03:03:43,1, 0
2016-03-19T03:03:44,1, 0
2016-03-19T03:03:45,1, 0
2016-03-19T03:03:46,1, 0
2016-03-19T03:03:47,1, 0
2016-03-19T03:03:48,2, 0
2016-03-19T03:03:49,2, 0
2016-03-19T03:03:50,1, 0
2016-03-19T03:03:51,1, 0
2016-03-19T03:03:52,1, 0
2016-03-19T03:03:53,1, 0
2016-03-19T03:03:54,1, 0
2016-03-19T03:03:55,1, 0
2016-03-19T03:03:56,1, 0
2016-03-19T03:03:57,1, 0
2016-03-19T03:03:58,1, 0
2016-03-19T03:03:59,1, 0
2016-03-19T03:04:00,1, 0
2016-03-19T03:04:01,1, 0
2016-03-19T03:04:03,1, 0
2016-03-19T03:04:04,1, 1
2016-03-19T03:04:05,1, 1
2016-03-19T03:04:06,1, 0
2016-03-19T03:04:08,1, 0
2016-03-19T03:04:09,1, 0
2016-03-19T03:04:10,1, 0
2016-03-19T03:04:13,1, 0
2016-03-19T03:04:14,1, 0
2016-03-19T03:04:15,1, 0
2016-03-19T03:04:17,1, 0
2016-03-19T03:04:18,1, 0
2016-03-19T03:04:19,1, 0
2016-03-19T03:04:20,1, 0
2016-03-19T03:04:22,1, 0
2016-03-19T03:04:23,1, 0
2016-03-19T03:04:24,1, 0
2016-03-19T03:04:25,1, 0
2016-03-19T03:04:27,1, 0
2016-03-19T03:04:28,1, 0
2016-03-19T03:04:29,1, 0
2016-03-19T03:04:30,1, 0
2016-03-19T03:04:32,1, 0
2016-03-19T03:04:33,1, 0
2016-03-19T03:04:34,1, 0
2016-03-19T03:04:35,1, 0
2016-03-19T03:04:37,1, 1
2016-03-19T03:04:38,1, 1
2016-03-19T03:04:39,1, 0
2016-03-19T03:04:40,1, 0
2016-03-19T03:04:42,1, 0
2016-03-19T03:04:43,1, 0
2016-03-19T03:04:44,1, 0
2016-03-19T03:04:45,1, 0
2016-03-19T03:04:47,1, 0
2016-03-19T03:04:48,1, 0
2016-03-19T03:04:49,1, 0
2016-03-19T03:04:50,1, 0
2016-03-19T03:04:52,1, 0
2016-03-19T03:04:53,1, 0
2016-03-19T03:04:54,1, 0
2016-03-19T03:04:55,1, 0
2016-03-19T03:04:57,1, 0
2016-03-19T03:04:58,1, 0
2016-03-19T03:04:59,1, 0
2016-03-19T03:05:01,1, 0
2016-03-19T03:05:02,1, 0
2016-03-19T03:05:03,1, 0
2016-03-19T03:05:04,1, 0
2016-03-19T03:05:05,1, 0
2016-03-19T03:05:07,1, 0
2016-03-19T03:05:08,1, 0
2016-03-19T03:05:09,1, 0
2016-03-19T03:05:10,1, 0
2016-03-19T03:05:12,1, 0
2016-03-19T03:05:13,1, 0
2016-03-19T03:05:14,1, 0
2016-03-19T03:05:15,1, 0
2016-03-19T03:05:17,1, 0
2016-03-19T03:05:18,1, 0
2016-03-19T03:05:19,1, 0
2016-03-19T03:05:20,1, 0
2016-03-19T03:05:22,1, 0
2016-03-19T03:05:23,1, 0
2016-03-19T03:05:24,1, 0
2016-03-19T03:05:25,1, 0
2016-03-19T03:05:27,1, 0
2016-03-19T03:05:28,1, 0
2016-03-19T03:05:29,2, 0
2016-03-19T03:05:30,1, 0
2016-03-19T03:05:32,1, 0
2016-03-19T03:05:33,1, 0
2016-03-19T03:05:34,1, 0
2016-03-19T03:05:35,1, 0
2016-03-19T03:05:37,1, 0
2016-03-19T03:05:38,1, 0
2016-03-19T03:05:39,1, 0
2016-03-19T03:05:40,1, 0
2016-03-19T03:05:42,1, 0
2016-03-19T03:05:43,1, 0
2016-03-19T03:05:44,1, 0
2016-03-19T03:05:45,1, 0
2016-03-19T03:05:47,1, 0
2016-03-19T03:05:48,1, 0
2016-03-19T03:05:49,1, 0
2016-03-19T03:05:50,1, 0
2016-03-19T03:05:52,1, 0
2016-03-19T03:05:53,1, 0
2016-03-19T03:05:54,1, 0
2016-03-19T03:05:55,1, 0
2016-03-19T03:05:57,1, 0
2016-03-19T03:05:58,1, 0
2016-03-19T03:05:59,1, 0
2016-03-19T03:06:00,1, 0
2016-03-19T03:06:02,1, 0
2016-03-19T03:06:03,1, 0
2016-03-19T03:06:04,1, 0
2016-03-19T03:06:05,1, 0
2016-03-19T03:06:07,1, 0
2016-03-19T03:06:08,1, 0
2016-03-19T03:06:09,1, 0
2016-03-19T03:06:10,1, 0
2016-03-19T03:06:12,1, 0
2016-03-19T03:06:13,1, 0
2016-03-19T03:06:14,1, 0
2016-03-19T03:06:15,1, 0
2016-03-19T03:06:17,1, 0
2016-03-19T03:06:18,1, 0
2016-03-19T03:06:19,1, 0
2016-03-19T03:06:20,1, 0
2016-03-19T03:06:22,1, 0
2016-03-19T03:06:23,1, 0
2016-03-19T03:06:24,1, 0
2016-03-19T03:06:25,1, 0
2016-03-19T03:06:27,1, 0
2016-03-19T03:06:28,1, 0
2016-03-19T03:06:29,1, 0
2016-03-19T03:06:30,1, 0
2016-03-19T03:06:33,1, 0
2016-03-19T03:06:42,2, 2
2016-03-19T03:06:43,1, 1
2016-03-19T03:06:44,2, 1
2016-03-19T03:06:45,2, 2
2016-03-19T03:06:46,3, 3
2016-03-19T03:06:47,2, 2
2016-03-19T03:06:48,2, 2
2016-03-19T03:06:49,3, 3
2016-03-19T03:06:50,3, 3
2016-03-19T03:06:51,2, 2
2016-03-19T03:06:52,2, 2
2016-03-19T03:06:53,3, 3
2016-03-19T03:06:54,4, 3
2016-03-19T03:06:55,2, 2
2016-03-19T03:06:56,3, 2
2016-03-19T03:06:57,3, 1
2016-03-19T03:06:58,2, 0
2016-03-19T03:06:59,5, 0
2016-03-19T03:07:00,1, 0
2016-03-19T03:07:01,4, 2
2016-03-19T03:07:02,2, 2
2016-03-19T03:07:03,3, 2
2016-03-19T03:07:04,4, 3
2016-03-19T03:07:05,2, 2
2016-03-19T03:07:06,3, 3
2016-03-19T03:07:07,3, 2
2016-03-19T03:07:08,2, 2
2016-03-19T03:07:09,4, 3
2016-03-19T03:07:10,4, 2
2016-03-19T03:07:11,2, 2
2016-03-19T03:07:12,3, 1
2016-03-19T03:07:13,3, 3
2016-03-19T03:07:14,1, 0
2016-03-19T03:07:15,3, 2
2016-03-19T03:07:16,3, 2
2016-03-19T03:07:17,3, 2
2016-03-19T03:07:18,2, 2
2016-03-19T03:07:19,3, 2
2016-03-19T03:07:20,2, 2
2016-03-19T03:07:21,3, 2
2016-03-19T03:07:22,2, 1
2016-03-19T03:07:23,3, 3
2016-03-19T03:07:24,2, 1
2016-03-19T03:07:25,3, 3
2016-03-19T03:07:26,2, 0
2016-03-19T03:07:27,2, 2
2016-03-19T03:07:28,3, 2
2016-03-19T03:07:29,2, 2
2016-03-19T03:07:30,2, 0
2016-03-19T03:07:31,2, 2
2016-03-19T03:07:32,3, 2
2016-03-19T03:07:33,1, 0
2016-03-19T03:07:34,3, 2
2016-03-19T03:07:35,2, 1
2016-03-19T03:07:36,2, 1
2016-03-19T03:07:37,2, 2
2016-03-19T03:07:38,2, 0
2016-03-19T03:07:39,1, 1
2016-03-19T03:07:40,3, 3
2016-03-19T03:07:41,1, 0
2016-03-19T03:07:42,2, 2
2016-03-19T03:07:43,2, 0
2016-03-19T03:07:44,1, 1
2016-03-19T03:07:45,2, 1
2016-03-19T03:07:46,2, 2
2016-03-19T03:07:47,3, 1
2016-03-19T03:07:48,1, 1
2016-03-19T03:07:49,2, 1
2016-03-19T03:07:50,1, 1
2016-03-19T03:07:51,3, 2
2016-03-19T03:07:52,3, 1
2016-03-19T03:07:53,1, 1
2016-03-19T03:07:54,5, 5
2016-03-19T03:07:55,2, 1
2016-03-19T03:07:56,3, 2
2016-03-19T03:07:57,2, 2
2016-03-19T03:07:58,4, 3
2016-03-19T03:07:59,1, 1
2016-03-19T03:08:00,4, 4
2016-03-19T03:08:01,2, 2
2016-03-19T03:08:02,3, 2
2016-03-19T03:08:03,3, 3
2016-03-19T03:08:04,2, 2
2016-03-19T03:08:05,4, 3
2016-03-19T03:08:06,1, 1
2016-03-19T03:08:07,3, 2
2016-03-19T03:08:08,2, 2
2016-03-19T03:08:09,4, 3
2016-03-19T03:08:10,2, 2
2016-03-19T03:08:11,1, 1
2016-03-19T03:08:12,4, 3
2016-03-19T03:08:13,2, 2
2016-03-19T03:08:14,2, 1
2016-03-19T03:08:15,3, 2
2016-03-19T03:08:16,2, 2
2016-03-19T03:08:17,2, 1
2016-03-19T03:08:18,4, 4
2016-03-19T03:08:19,1, 1
2016-03-19T03:08:20,2, 2
2016-03-19T03:08:21,3, 1
2016-03-19T03:08:22,3, 2
2016-03-19T03:08:23,1, 1
2016-03-19T03:08:24,3, 1
2016-03-19T03:08:25,3, 2
2016-03-19T03:08:26,2, 1
2016-03-19T03:08:27,2, 0
2016-03-19T03:08:28,3, 3
2016-03-19T03:08:29,3, 3
2016-03-19T03:08:30,2, 2
2016-03-19T03:08:31,4, 4
2016-03-19T03:08:32,2, 1
2016-03-19T03:08:33,2, 2
2016-03-19T03:08:34,3, 3
2016-03-19T03:08:35,3, 3
2016-03-19T03:08:36,3, 1
2016-03-19T03:08:37,2, 2
2016-03-19T03:08:38,2, 0
2016-03-19T03:08:39,4, 2
2016-03-19T03:08:40,2, 0
2016-03-19T03:08:41,3, 2
2016-03-19T03:08:42,3, 0
2016-03-19T03:08:43,2, 2
2016-03-19T03:08:44,2, 0
2016-03-19T03:08:45,4, 2
2016-03-19T03:08:46,2, 0
2016-03-19T03:08:47,3, 2
2016-03-19T03:08:48,2, 0
2016-03-19T03:08:49,3, 2
2016-03-19T03:08:50,2, 0
2016-03-19T03:08:51,4, 2
2016-03-19T03:08:52,2, 0
2016-03-19T03:08:53,2, 2
2016-03-19T03:08:54,2, 0
2016-03-19T03:08:55,4, 2
2016-03-19T03:08:56,1, 1
2016-03-19T03:08:57,3, 1
2016-03-19T03:08:58,3, 3
2016-03-19T03:08:59,3, 3
2016-03-19T03:09:00,5, 5
2016-03-19T03:09:01,3, 3
2016-03-19T03:09:02,4, 4
2016-03-19T03:09:03,3, 3
2016-03-19T03:09:04,3, 3
2016-03-19T03:09:05,4, 4
2016-03-19T03:09:06,3, 3
2016-03-19T03:09:07,6, 6
2016-03-19T03:09:08,5, 5
2016-03-19T03:09:09,4, 4
2016-03-19T03:09:10,4, 4
2016-03-19T03:09:11,4, 4
2016-03-19T03:09:12,4, 4
2016-03-19T03:09:13,5, 5
2016-03-19T03:09:14,7, 7
2016-03-19T03:09:15,5, 5
2016-03-19T03:09:16,3, 3
2016-03-19T03:09:17,1, 1
2016-03-19T03:09:18,3, 3
2016-03-19T03:09:19,4, 4
2016-03-19T03:09:20,5, 5
2016-03-19T03:09:21,3, 2
2016-03-19T03:09:22,4, 3
2016-03-19T03:09:23,4, 3
2016-03-19T03:09:24,4, 2
2016-03-19T03:09:25,4, 2
2016-03-19T03:09:26,2, 1
2016-03-19T03:09:27,5, 4
2016-03-19T03:09:28,2, 2
2016-03-19T03:09:29,3, 3
2016-03-19T03:09:30,4, 4
2016-03-19T03:09:31,3, 2
2016-03-19T03:09:32,5, 4
2016-03-19T03:09:33,4, 2
2016-03-19T03:09:34,3, 2
2016-03-19T03:09:35,3, 2
2016-03-19T03:09:36,3, 2
2016-03-19T03:09:37,4, 3
2016-03-19T03:09:38,4, 3
2016-03-19T03:09:39,4, 3
2016-03-19T03:09:40,3, 2
2016-03-19T03:09:41,3, 2
2016-03-19T03:09:42,3, 2
2016-03-19T03:09:43,4, 3
2016-03-19T03:09:44,4, 3
2016-03-19T03:09:45,4, 4
2016-03-19T03:09:46,3, 1
2016-03-19T03:09:47,6, 3
2016-03-19T03:09:48,4, 2
2016-03-19T03:09:49,4, 2
2016-03-19T03:09:50,3, 1
2016-03-19T03:09:51,4, 4
2016-03-19T03:09:52,5, 3
2016-03-19T03:09:53,3, 1
2016-03-19T03:09:54,4, 2
2016-03-19T03:09:55,4, 3
2016-03-19T03:09:56,1, 1
2016-03-19T03:09:57,5, 5
2016-03-19T03:09:58,3, 3
2016-03-19T03:09:59,4, 4
2016-03-19T03:10:00,4, 4
2016-03-19T03:10:01,4, 4
2016-03-19T03:10:02,3, 3
2016-03-19T03:10:03,3, 3
2016-03-19T03:10:04,4, 3
2016-03-19T03:10:05,3, 2
2016-03-19T03:10:06,5, 4
2016-03-19T03:10:07,3, 2
2016-03-19T03:10:08,5, 5
2016-03-19T03:10:09,4, 3
2016-03-19T03:10:10,4, 4
2016-03-19T03:10:11,4, 3
2016-03-19T03:10:12,4, 3
2016-03-19T03:10:13,5, 4
2016-03-19T03:10:14,4, 3
2016-03-19T03:10:15,4, 4
2016-03-19T03:10:16,4, 3
2016-03-19T03:10:17,4, 4
2016-03-19T03:10:18,4, 4
2016-03-19T03:10:19,4, 4
2016-03-19T03:10:20,4, 4
2016-03-19T03:10:21,3, 2
2016-03-19T03:10:22,4, 3
2016-03-19T03:10:23,3, 2
2016-03-19T03:10:24,4, 4
2016-03-19T03:10:25,4, 2
2016-03-19T03:10:26,4, 1
2016-03-19T03:10:27,3, 2
2016-03-19T03:10:28,3, 3
2016-03-19T03:10:29,4, 4
2016-03-19T03:10:30,4, 3
2016-03-19T03:10:31,5, 4
2016-03-19T03:10:32,3, 2
2016-03-19T03:10:33,2, 2
2016-03-19T03:10:34,4, 4
2016-03-19T03:10:35,4, 2
2016-03-19T03:10:36,4, 2
2016-03-19T03:10:37,3, 3
2016-03-19T03:10:38,2, 1
2016-03-19T03:10:39,3, 2
2016-03-19T03:10:40,3, 1
2016-03-19T03:10:41,4, 2
2016-03-19T03:10:42,2, 1
2016-03-19T03:10:43,3, 2
2016-03-19T03:10:44,4, 1
2016-03-19T03:10:45,1, 1
2016-03-19T03:10:46,3, 1
2016-03-19T03:10:47,4, 2
2016-03-19T03:10:48,3, 1
2016-03-19T03:10:49,1, 1
2016-03-19T03:10:50,4, 2
2016-03-19T03:10:51,3, 1
2016-03-19T03:10:52,3, 2
2016-03-19T03:10:53,2, 1
2016-03-19T03:10:54,3, 1
2016-03-19T03:10:55,2, 0
2016-03-19T03:10:56,2, 0
2016-03-19T03:10:57,2, 0
2016-03-19T03:10:58,4, 0
2016-03-19T03:11:00,4, 0
2016-03-19T03:11:01,2, 0
2016-03-19T03:11:02,2, 0
2016-03-19T03:11:03,2, 0
2016-03-19T03:11:04,2, 0
2016-03-19T03:11:05,3, 0
2016-03-19T03:11:06,2, 0
2016-03-19T03:11:07,2, 0
2016-03-19T03:11:08,2, 0
2016-03-19T03:11:09,2, 0
2016-03-19T03:11:10,2, 0
2016-03-19T03:11:11,2, 0
2016-03-19T03:11:12,3, 0
2016-03-19T03:11:13,1, 0
2016-03-19T03:11:14,3, 0
2016-03-19T03:11:15,2, 0
2016-03-19T03:11:16,3, 0
2016-03-19T03:11:17,2, 0
2016-03-19T03:11:18,2, 0
2016-03-19T03:11:19,3, 0
2016-03-19T03:11:20,1, 0
2016-03-19T03:11:21,4, 0
2016-03-19T03:11:23,4, 0
2016-03-19T03:11:24,1, 0
2016-03-19T03:11:25,3, 0
2016-03-19T03:11:26,4, 0
2016-03-19T03:11:28,4, 0
2016-03-19T03:11:30,4, 0
2016-03-19T03:11:31,3, 0
2016-03-19T03:11:32,1, 0
2016-03-19T03:11:33,4, 0
2016-03-19T03:11:35,4, 0
2016-03-19T03:11:37,4, 0
2016-03-19T03:11:38,3, 0
2016-03-19T03:11:39,1, 0
2016-03-19T03:11:40,4, 0
2016-03-19T03:11:42,4, 0
2016-03-19T03:11:43,1, 0
2016-03-19T03:11:44,3, 0
2016-03-19T03:11:45,2, 0
2016-03-19T03:11:46,2, 0
2016-03-19T03:11:47,4, 0
2016-03-19T03:11:49,4, 0
2016-03-19T03:11:51,4, 0
2016-03-19T03:11:52,2, 0
2016-03-19T03:11:53,2, 0
2016-03-19T03:11:54,4, 0
2016-03-19T03:11:56,4, 0
2016-03-19T03:11:57,1, 0
2016-03-19T03:11:58,3, 0
2016-03-19T03:11:59,4, 0
2016-03-19T03:12:01,4, 0
2016-03-19T03:12:03,4, 0
2016-03-19T03:12:04,3, 0
2016-03-19T03:12:05,1, 0
2016-03-19T03:12:06,4, 0
2016-03-19T03:12:07,1, 0
2016-03-19T03:12:08,4, 1
2016-03-19T03:12:09,3, 0
2016-03-19T03:12:10,1, 0
2016-03-19T03:12:11,4, 0
2016-03-19T03:12:12,1, 0
2016-03-19T03:12:13,3, 0
2016-03-19T03:12:14,4, 1
2016-03-19T03:12:15,1, 0
2016-03-19T03:12:16,4, 1
2016-03-19T03:12:17,2, 1
2016-03-19T03:12:18,3, 0
2016-03-19T03:12:19,3, 1
2016-03-19T03:12:20,3, 0
2016-03-19T03:12:21,4, 0
2016-03-19T03:12:22,1, 0
2016-03-19T03:12:23,4, 0
2016-03-19T03:12:24,3, 0
2016-03-19T03:12:25,3, 0
2016-03-19T03:12:26,3, 0
2016-03-19T03:12:27,2, 0
2016-03-19T03:12:28,4, 0
2016-03-19T03:12:29,3, 0
2016-03-19T03:12:30,3, 0
2016-03-19T03:12:31,3, 0
2016-03-19T03:12:32,2, 1
2016-03-19T03:12:33,4, 0
2016-03-19T03:12:34,3, 0
2016-03-19T03:12:35,3, 0
2016-03-19T03:12:36,3, 0
2016-03-19T03:12:37,2, 0
2016-03-19T03:12:38,3, 0
2016-03-19T03:12:39,2, 0
2016-03-19T03:12:40,5, 0
2016-03-19T03:12:41,2, 0
2016-03-19T03:12:42,3, 0
2016-03-19T03:12:43,3, 0
2016-03-19T03:12:44,2, 0
2016-03-19T03:12:45,3, 0
2016-03-19T03:12:46,4, 0
2016-03-19T03:12:47,3, 0
2016-03-19T03:12:48,3, 0
2016-03-19T03:12:49,2, 0
2016-03-19T03:12:50,3, 0
2016-03-19T03:12:51,3, 0
2016-03-19T03:12:52,2, 0
2016-03-19T03:12:53,5, 0
2016-03-19T03:12:54,1, 0
2016-03-19T03:12:55,3, 0
2016-03-19T03:12:56,2, 0
2016-03-19T03:12:57,2, 0
2016-03-19T03:12:58,2, 0
2016-03-19T03:12:59,3, 0
2016-03-19T03:13:00,2, 0
2016-03-19T03:13:01,2, 0
2016-03-19T03:13:02,3, 0
2016-03-19T03:13:03,1, 0
2016-03-19T03:13:04,3, 0
2016-03-19T03:13:05,2, 0
2016-03-19T03:13:06,3, 0
2016-03-19T03:13:07,2, 0
2016-03-19T03:13:08,2, 0
2016-03-19T03:13:09,3, 0
2016-03-19T03:13:10,1, 0
2016-03-19T03:13:11,3, 0
2016-03-19T03:13:12,2, 0
2016-03-19T03:13:13,2, 0
2016-03-19T03:13:14,3, 0
2016-03-19T03:13:15,2, 0
2016-03-19T03:13:16,3, 0
2016-03-19T03:13:17,1, 0
2016-03-19T03:13:18,3, 0
2016-03-19T03:13:19,2, 0
2016-03-19T03:13:20,2, 0
2016-03-19T03:13:21,3, 0
2016-03-19T03:13:22,2, 0
2016-03-19T03:13:23,2, 0
2016-03-19T03:13:24,2, 0
2016-03-19T03:13:25,3, 0
2016-03-19T03:13:26,2, 0
2016-03-19T03:13:27,2, 0
2016-03-19T03:13:28,2, 0
2016-03-19T03:13:29,2, 0
2016-03-19T03:13:30,3, 0
2016-03-19T03:13:31,2, 0
2016-03-19T03:13:32,2, 0
2016-03-19T03:13:33,3, 0
2016-03-19T03:13:34,2, 0
2016-03-19T03:13:35,2, 0
2016-03-19T03:13:36,3, 2
2016-03-19T03:13:37,2, 0
2016-03-19T03:13:38,3, 3
2016-03-19T03:13:39,5, 4
2016-03-19T03:13:40,5, 4
2016-03-19T03:13:41,5, 3
2016-03-19T03:13:42,3, 2
2016-03-19T03:13:43,5, 2
2016-03-19T03:13:44,5, 3
2016-03-19T03:13:45,4, 1
2016-03-19T03:13:46,5, 0
2016-03-19T03:13:47,3, 0
2016-03-19T03:13:48,5, 0
2016-03-19T03:13:49,5, 1
2016-03-19T03:13:50,5, 0
2016-03-19T03:13:51,3, 0
2016-03-19T03:13:52,4, 0
2016-03-19T03:13:53,4, 0
2016-03-19T03:13:54,4, 0
2016-03-19T03:13:55,3, 0
2016-03-19T03:13:56,6, 0
2016-03-19T03:13:57,4, 0
2016-03-19T03:13:58,4, 0
2016-03-19T03:13:59,1, 0
2016-03-19T03:14:00,6, 2
2016-03-19T03:14:01,4, 3
2016-03-19T03:14:02,4, 2
2016-03-19T03:14:03,4, 3
2016-03-19T03:14:04,4, 0
2016-03-19T03:14:05,4, 0
2016-03-19T03:14:06,3, 0
2016-03-19T03:14:07,3, 0
2016-03-19T03:14:08,2, 0
2016-03-19T03:14:09,1, 0
2016-03-19T03:14:11,1, 0
2016-03-19T03:14:13,1, 0
2016-03-19T03:14:15,1, 0
2016-03-19T03:14:16,1, 0
2016-03-19T03:14:18,1, 0
2016-03-19T03:14:20,1, 0
2016-03-19T03:14:21,1, 0
2016-03-19T03:14:23,1, 0
2016-03-19T03:14:25,1, 0
2016-03-19T03:14:27,1, 0
2016-03-19T03:14:29,1, 0
2016-03-19T03:14:31,1, 0
2016-03-19T03:14:33,1, 0
2016-03-19T03:14:35,1, 0
2016-03-19T03:14:37,1, 0
2016-03-19T03:14:39,1, 0
2016-03-19T03:14:41,1, 0
2016-03-19T03:14:44,1, 0
2016-03-19T03:14:46,1, 0
2016-03-19T03:14:48,1, 0
2016-03-19T03:14:49,1, 0
2016-03-19T03:14:51,1, 0
2016-03-19T03:14:52,1, 0
2016-03-19T03:14:54,1, 0
2016-03-19T03:14:55,1, 0
2016-03-19T03:14:57,1, 0
2016-03-19T03:14:58,1, 0
2016-03-19T03:15:00,1, 0
2016-03-19T03:15:01,1, 0
2016-03-19T03:15:03,1, 0
2016-03-19T03:15:18,1, 0
2016-03-19T03:15:21,1, 0
2016-03-19T03:15:24,1, 0
2016-03-19T03:15:27,2, 1
2016-03-19T03:15:45,1, 1
2016-03-19T03:15:47,1, 1
2016-03-19T03:15:48,1, 0
2016-03-19T03:15:50,1, 0
2016-03-19T03:15:51,1, 0
2016-03-19T03:15:53,1, 0
2016-03-19T03:15:54,1, 1
2016-03-19T03:15:56,1, 0
2016-03-19T03:15:57,1, 0
2016-03-19T03:15:59,1, 0
2016-03-19T03:16:00,1, 0
2016-03-19T03:16:02,1, 0
2016-03-19T03:16:03,1, 0
2016-03-19T03:16:05,1, 0
2016-03-19T03:16:06,1, 0
2016-03-19T03:16:08,1, 0
2016-03-19T03:16:09,1, 0
2016-03-19T03:16:11,1, 0
2016-03-19T03:16:12,1, 0
2016-03-19T03:16:14,1, 0
2016-03-19T03:16:15,1, 0
2016-03-19T03:16:17,1, 0
2016-03-19T03:16:18,1, 0
2016-03-19T03:16:20,1, 0
2016-03-19T03:16:21,1, 0
2016-03-19T03:16:23,1, 0
2016-03-19T03:16:24,1, 1
2016-03-19T03:16:26,1, 0
2016-03-19T03:16:27,1, 0
2016-03-19T03:16:29,1, 0
2016-03-19T03:16:30,1, 0
2016-03-19T03:16:32,1, 0
2016-03-19T03:16:33,1, 0
2016-03-19T03:16:35,1, 0
2016-03-19T03:16:36,1, 0
2016-03-19T03:16:38,1, 0
2016-03-19T03:16:39,1, 0
2016-03-19T03:16:41,1, 0
2016-03-19T03:16:42,1, 0
2016-03-19T03:16:44,1, 0
2016-03-19T03:16:45,1, 0
2016-03-19T03:16:47,1, 0
2016-03-19T03:16:48,1, 0
2016-03-19T03:16:50,1, 0
2016-03-19T03:16:51,1, 0
2016-03-19T03:16:53,1, 0
2016-03-19T03:16:54,1, 0
2016-03-19T03:16:56,1, 0
2016-03-19T03:16:57,1, 0
2016-03-19T03:16:59,1, 0
2016-03-19T03:17:00,1, 0
2016-03-19T03:17:02,1, 0
2016-03-19T03:17:03,1, 0
2016-03-19T03:17:05,1, 0
2016-03-19T03:17:06,1, 0
2016-03-19T03:17:07,1, 1
2016-03-19T03:17:08,1, 0
2016-03-19T03:17:09,1, 0
2016-03-19T03:17:11,1, 0
2016-03-19T03:17:12,1, 0
2016-03-19T03:17:14,1, 0
2016-03-19T03:17:15,1, 0
2016-03-19T03:17:17,1, 0
2016-03-19T03:17:18,1, 0
2016-03-19T03:17:20,1, 0
2016-03-19T03:17:21,1, 0
2016-03-19T03:17:23,1, 0
2016-03-19T03:17:24,1, 0
2016-03-19T03:17:26,1, 0
2016-03-19T03:17:27,1, 0
2016-03-19T03:17:29,1, 0
2016-03-19T03:17:30,1, 0
2016-03-19T03:17:32,1, 0
2016-03-19T03:17:33,1, 0
2016-03-19T03:17:35,1, 0
2016-03-19T03:17:36,1, 0
2016-03-19T03:17:38,1, 0
2016-03-19T03:17:39,1, 0
2016-03-19T03:17:41,1, 0
2016-03-19T03:17:42,1, 0
2016-03-19T03:17:44,1, 0
2016-03-19T03:17:45,1, 0
2016-03-19T03:17:47,1, 0
2016-03-19T03:17:48,1, 0
2016-03-19T03:17:50,1, 0
2016-03-19T03:17:51,1, 0
2016-03-19T03:17:53,1, 0
2016-03-19T03:17:54,1, 0
2016-03-19T03:17:56,1, 0
2016-03-19T03:17:57,1, 0
2016-03-19T03:17:59,1, 0
2016-03-19T03:18:00,1, 0
2016-03-19T03:18:02,1, 0
2016-03-19T03:18:03,1, 0
2016-03-19T03:18:05,1, 0
2016-03-19T03:18:06,1, 0
2016-03-19T03:18:08,1, 0
2016-03-19T03:18:09,1, 0
2016-03-19T03:18:11,1, 0
2016-03-19T03:18:12,1, 0
2016-03-19T03:18:14,1, 0
2016-03-19T03:18:15,1, 0
2016-03-19T03:18:17,1, 0
2016-03-19T03:18:18,1, 0
2016-03-19T03:18:20,1, 0
2016-03-19T03:18:21,1, 0
2016-03-19T03:18:23,1, 0
2016-03-19T03:18:24,1, 0
2016-03-19T03:18:26,1, 0
2016-03-19T03:18:27,1, 0
2016-03-19T03:18:29,1, 0
2016-03-19T03:18:30,1, 0
2016-03-19T03:18:32,1, 0
2016-03-19T03:18:33,1, 0
2016-03-19T03:18:35,1, 0
2016-03-19T03:18:36,1, 0
2016-03-19T03:18:38,1, 0
2016-03-19T03:18:39,1, 0
2016-03-19T03:18:41,1, 0
2016-03-19T03:18:42,1, 0
2016-03-19T03:18:44,1, 0
2016-03-19T03:18:45,1, 0
2016-03-19T03:18:47,1, 0
2016-03-19T03:18:48,2, 1
2016-03-19T03:18:50,1, 0
2016-03-19T03:18:51,1, 0
2016-03-19T03:18:53,1, 0
2016-03-19T03:18:54,1, 0
2016-03-19T03:18:56,1, 0
2016-03-19T03:18:57,1, 0
2016-03-19T03:18:59,1, 0
2016-03-19T03:19:01,1, 0
2016-03-19T03:19:02,1, 0
2016-03-19T03:19:04,1, 0
2016-03-19T03:19:05,1, 0
2016-03-19T03:19:07,1, 0
2016-03-19T03:19:08,1, 0
2016-03-19T03:19:10,1, 0
2016-03-19T03:19:11,1, 0
2016-03-19T03:19:13,1, 0
2016-03-19T03:19:14,1, 0
2016-03-19T03:19:16,1, 0
2016-03-19T03:19:17,1, 0
2016-03-19T03:19:19,1, 0
2016-03-19T03:19:20,1, 0
2016-03-19T03:19:22,1, 0
2016-03-19T03:19:23,1, 0
2016-03-19T03:19:25,1, 0
2016-03-19T03:19:26,1, 0
2016-03-19T03:19:28,1, 0
2016-03-19T03:19:29,1, 0
2016-03-19T03:19:31,1, 0
2016-03-19T03:19:32,1, 0
2016-03-19T03:19:34,1, 0
2016-03-19T03:19:35,1, 0
2016-03-19T03:19:37,1, 0
2016-03-19T03:19:39,1, 0
2016-03-19T03:19:40,1, 0
2016-03-19T03:19:42,1, 0
2016-03-19T03:19:43,1, 0
2016-03-19T03:19:45,1, 0
2016-03-19T03:19:46,1, 0
2016-03-19T03:19:48,1, 0
2016-03-19T03:19:49,1, 0
2016-03-19T03:20:15,1, 0
2016-03-19T03:20:16,1, 0
2016-03-19T03:20:18,1, 0
2016-03-19T03:20:19,1, 0
2016-03-19T03:20:21,1, 0
2016-03-19T03:20:22,1, 0
2016-03-19T03:20:24,1, 0
2016-03-19T03:20:25,1, 0
2016-03-19T03:20:27,1, 0
2016-03-19T03:20:28,1, 0
2016-03-19T03:20:29,1, 0
2016-03-19T03:20:30,1, 0
2016-03-19T03:20:31,1, 0
2016-03-19T03:20:33,1, 0
2016-03-19T03:20:34,1, 0
2016-03-19T03:20:36,1, 0
2016-03-19T03:20:37,1, 0
2016-03-19T03:20:39,1, 0
2016-03-19T03:20:40,1, 0
2016-03-19T03:20:42,1, 0
2016-03-19T03:20:43,1, 0
2016-03-19T03:20:45,1, 0
2016-03-19T03:20:47,1, 0
2016-03-19T03:20:48,1, 0
2016-03-19T03:20:50,1, 0
2016-03-19T03:20:51,1, 0
2016-03-19T03:20:53,1, 0
2016-03-19T03:20:55,1, 0
2016-03-19T03:20:56,1, 0
2016-03-19T03:20:58,1, 0
2016-03-19T03:20:59,1, 0
2016-03-19T03:21:01,1, 0
2016-03-19T03:21:03,1, 0
2016-03-19T03:21:04,1, 0
2016-03-19T03:21:06,1, 0
2016-03-19T03:21:08,1, 0
2016-03-19T03:21:09,1, 0
2016-03-19T03:21:11,1, 0
2016-03-19T03:21:12,1, 0
2016-03-19T03:21:14,1, 0
2016-03-19T03:21:16,1, 0
2016-03-19T03:21:17,1, 0
2016-03-19T03:21:19,1, 0
2016-03-19T03:21:21,1, 0
2016-03-19T03:21:22,1, 0
2016-03-19T03:21:24,1, 0
2016-03-19T03:21:25,1, 0
2016-03-19T03:21:27,1, 0
2016-03-19T03:21:29,1, 0
2016-03-19T03:21:30,1, 0
2016-03-19T03:21:32,1, 0
2016-03-19T03:21:34,1, 0
2016-03-19T03:21:35,1, 0
2016-03-19T03:21:37,1, 0
2016-03-19T03:21:38,1, 0
2016-03-19T03:21:40,1, 0
2016-03-19T03:21:42,1, 0
2016-03-19T03:21:43,1, 0
2016-03-19T03:21:45,1, 0
2016-03-19T03:21:47,1, 0
2016-03-19T03:21:48,1, 0
2016-03-19T03:21:50,1, 0
2016-03-19T03:21:52,1, 0
2016-03-19T03:21:53,1, 0
2016-03-19T03:21:55,1, 0
2016-03-19T03:21:57,1, 0
2016-03-19T03:21:58,1, 0
2016-03-19T03:22:00,1, 0
2016-03-19T03:22:01,1, 0
2016-03-19T03:22:03,1, 0
2016-03-19T03:22:05,1, 0
2016-03-19T03:22:06,1, 0
2016-03-19T03:22:08,1, 0
2016-03-19T03:22:10,2, 1
2016-03-19T03:22:11,1, 0
2016-03-19T03:22:13,1, 0
2016-03-19T03:22:15,1, 0
2016-03-19T03:22:16,1, 0
2016-03-19T03:22:18,1, 0
2016-03-19T03:22:20,1, 0
2016-03-19T03:22:21,1, 0
2016-03-19T03:22:23,1, 0
2016-03-19T03:22:24,1, 0
2016-03-19T03:22:26,1, 0
2016-03-19T03:22:28,1, 0
2016-03-19T03:22:30,1, 0
2016-03-19T03:22:31,1, 0
2016-03-19T03:22:33,1, 0
2016-03-19T03:22:35,1, 0
2016-03-19T03:22:36,1, 0
2016-03-19T03:22:38,1, 0
2016-03-19T03:22:40,1, 0
2016-03-19T03:22:41,1, 0
2016-03-19T03:22:43,1, 0
2016-03-19T03:22:45,1, 0
2016-03-19T03:22:46,1, 0
2016-03-19T03:22:48,1, 0
2016-03-19T03:22:50,1, 0
2016-03-19T03:22:51,1, 0
2016-03-19T03:22:53,1, 0
2016-03-19T03:22:55,1, 0
2016-03-19T03:22:56,1, 0
2016-03-19T03:22:58,1, 0
2016-03-19T03:23:00,1, 0
2016-03-19T03:23:02,1, 0
2016-03-19T03:23:03,1, 0
2016-03-19T03:23:05,1, 0
2016-03-19T03:23:07,1, 0
2016-03-19T03:23:08,1, 0
2016-03-19T03:23:10,1, 0
2016-03-19T03:23:12,1, 0
2016-03-19T03:23:14,1, 0
2016-03-19T03:23:15,1, 0
2016-03-19T03:23:17,1, 0
2016-03-19T03:23:19,1, 0
2016-03-19T03:23:21,1, 0
2016-03-19T03:23:22,1, 0
2016-03-19T03:23:24,1, 0
2016-03-19T03:23:26,1, 0
2016-03-19T03:23:27,1, 0
2016-03-19T03:23:29,1, 0
2016-03-19T03:23:31,1, 0
2016-03-19T03:23:33,1, 0
2016-03-19T03:23:34,1, 0
2016-03-19T03:23:36,1, 0
2016-03-19T03:23:38,1, 0
2016-03-19T03:23:40,1, 0
2016-03-19T03:23:42,1, 0
2016-03-19T03:23:43,1, 0
2016-03-19T03:23:45,1, 0
2016-03-19T03:23:47,1, 0
2016-03-19T03:23:48,1, 0
2016-03-19T03:23:50,2, 0
2016-03-19T03:23:52,1, 0
2016-03-19T03:23:53,1, 0
2016-03-19T03:23:55,1, 0
2016-03-19T03:23:57,1, 0
2016-03-19T03:23:58,1, 0
2016-03-19T03:24:00,1, 0
2016-03-19T03:24:02,1, 0
2016-03-19T03:24:03,1, 0
2016-03-19T03:24:05,1, 0
2016-03-19T03:24:06,1, 0
2016-03-19T03:24:08,1, 0
2016-03-19T03:24:11,1, 0
2016-03-19T03:24:13,1, 0
2016-03-19T03:24:16,1, 0
2016-03-19T03:24:18,1, 0
2016-03-19T03:24:20,1, 0
2016-03-19T03:24:23,1, 0
2016-03-19T03:24:26,1, 0
2016-03-19T03:24:29,1, 0
2016-03-19T03:24:33,1, 0
2016-03-19T03:24:36,1, 0
2016-03-19T03:24:40,1, 0
2016-03-19T03:24:44,1, 0
2016-03-19T03:24:46,1, 0
2016-03-19T03:24:48,1, 0
2016-03-19T03:24:49,1, 0
2016-03-19T03:24:51,1, 0
2016-03-19T03:24:53,1, 0
2016-03-19T03:24:54,1, 0
2016-03-19T03:24:56,1, 0
2016-03-19T03:24:58,1, 0
2016-03-19T03:25:00,1, 0
2016-03-19T03:25:02,1, 0
2016-03-19T03:25:03,1, 0
2016-03-19T03:25:05,1, 0
2016-03-19T03:25:07,1, 0
2016-03-19T03:25:09,1, 0
2016-03-19T03:25:10,1, 0
2016-03-19T03:25:12,1, 0
2016-03-19T03:25:14,1, 0
2016-03-19T03:25:16,1, 0
2016-03-19T03:25:18,1, 0
2016-03-19T03:25:19,1, 0
2016-03-19T03:25:21,1, 0
2016-03-19T03:25:23,1, 0
2016-03-19T03:25:25,1, 0
2016-03-19T03:25:27,1, 0
2016-03-19T03:25:28,1, 0
2016-03-19T03:25:30,1, 0
2016-03-19T03:25:31,1, 1
2016-03-19T03:25:32,2, 0
2016-03-19T03:25:34,1, 0
2016-03-19T03:25:36,1, 0
2016-03-19T03:25:38,2, 1
2016-03-19T03:25:39,1, 0
2016-03-19T03:25:41,2, 1
2016-03-19T03:25:43,2, 1
2016-03-19T03:25:44,1, 0
2016-03-19T03:25:45,1, 0
2016-03-19T03:25:46,1, 0
2016-03-19T03:25:47,1, 0
2016-03-19T03:25:48,2, 0
2016-03-19T03:25:50,2, 0
2016-03-19T03:25:52,2, 0
2016-03-19T03:25:54,2, 0
2016-03-19T03:25:55,1, 0
2016-03-19T03:25:56,1, 0
2016-03-19T03:25:57,1, 0
2016-03-19T03:25:58,1, 0
2016-03-19T03:25:59,1, 0
2016-03-19T03:26:00,1, 1
2016-03-19T03:26:01,1, 0
2016-03-19T03:26:02,2, 0
2016-03-19T03:26:04,2, 0
2016-03-19T03:26:06,1, 0
2016-03-19T03:26:07,1, 0
2016-03-19T03:26:08,1, 0
2016-03-19T03:26:09,1, 0
2016-03-19T03:26:10,1, 0
2016-03-19T03:26:12,1, 0
2016-03-19T03:26:14,1, 0
2016-03-19T03:26:15,1, 0
2016-03-19T03:26:17,1, 0
2016-03-19T03:26:19,1, 0
2016-03-19T03:26:21,1, 0
2016-03-19T03:26:23,1, 0
2016-03-19T03:26:25,1, 0
2016-03-19T03:26:27,1, 0
2016-03-19T03:26:29,1, 0
2016-03-19T03:26:31,1, 0
2016-03-19T03:26:32,1, 0
2016-03-19T03:26:34,1, 0
2016-03-19T03:26:36,1, 0
2016-03-19T03:26:38,1, 0
2016-03-19T03:26:40,1, 0
2016-03-19T03:26:42,1, 0
2016-03-19T03:26:44,1, 0
2016-03-19T03:26:46,1, 0
2016-03-19T03:26:48,1, 0
2016-03-19T03:26:50,1, 0
2016-03-19T03:26:52,1, 0
2016-03-19T03:26:54,1, 0
2016-03-19T03:26:56,1, 0
2016-03-19T03:26:58,1, 0
2016-03-19T03:26:59,1, 0
2016-03-19T03:27:01,1, 0
2016-03-19T03:27:03,1, 0
2016-03-19T03:27:05,1, 0
2016-03-19T03:27:07,1, 0
2016-03-19T03:27:09,1, 0
2016-03-19T03:27:12,2, 0
2016-03-19T03:27:14,1, 0
2016-03-19T03:27:16,1, 0
2016-03-19T03:27:19,1, 0
2016-03-19T03:27:21,1, 0
2016-03-19T03:27:24,1, 0
2016-03-19T03:27:26,1, 0
2016-03-19T03:27:29,1, 0
2016-03-19T03:27:32,1, 0
2016-03-19T03:27:36,1, 0
2016-03-19T03:27:40,1, 0
2016-03-19T03:27:44,1, 0
2016-03-19T03:27:48,1, 0
2016-03-19T03:27:52,1, 0
2016-03-19T03:27:55,1, 0
2016-03-19T03:27:59,1, 0
2016-03-19T03:28:03,1, 0
2016-03-19T03:28:07,1, 0
2016-03-19T03:28:11,1, 0
2016-03-19T03:28:14,1, 0
2016-03-19T03:28:17,1, 0
2016-03-19T03:28:21,1, 0
2016-03-19T03:28:24,1, 0
2016-03-19T03:28:27,1, 0
2016-03-19T03:28:30,1, 0
2016-03-19T03:28:33,1, 0
2016-03-19T03:28:36,1, 0
2016-03-19T03:28:39,1, 0
2016-03-19T03:28:42,1, 0
2016-03-19T03:28:45,1, 0
2016-03-19T03:28:48,1, 0
2016-03-19T03:28:51,1, 0
2016-03-19T03:28:53,1, 1
2016-03-19T03:28:55,1, 0
2016-03-19T03:28:58,1, 0
2016-03-19T03:29:01,1, 0
2016-03-19T03:29:05,1, 0
2016-03-19T03:29:09,1, 0
2016-03-19T03:29:12,1, 0
2016-03-19T03:29:15,1, 0
2016-03-19T03:29:17,1, 0
2016-03-19T03:29:19,1, 0
2016-03-19T03:29:21,1, 0
2016-03-19T03:29:23,1, 0
2016-03-19T03:29:25,1, 0
2016-03-19T03:29:27,1, 0
2016-03-19T03:29:29,1, 0
2016-03-19T03:29:31,1, 0
2016-03-19T03:29:33,1, 0
2016-03-19T03:29:34,1, 0
2016-03-19T03:29:36,1, 0
2016-03-19T03:29:38,1, 0
2016-03-19T03:29:40,1, 0
2016-03-19T03:29:42,1, 0
2016-03-19T03:29:44,1, 0
2016-03-19T03:29:46,1, 0
2016-03-19T03:29:48,1, 0
2016-03-19T03:29:49,1, 0
2016-03-19T03:29:51,1, 0
2016-03-19T03:29:53,1, 0
2016-03-19T03:29:55,1, 0
2016-03-19T03:29:57,1, 0
2016-03-19T03:29:59,1, 0
2016-03-19T03:30:01,1, 0
2016-03-19T03:30:03,1, 0
2016-03-19T03:30:04,1, 0
2016-03-19T03:30:06,1, 0
2016-03-19T03:30:08,1, 0
2016-03-19T03:30:10,1, 0
2016-03-19T03:30:12,1, 0
2016-03-19T03:30:14,1, 0
2016-03-19T03:30:16,1, 0
2016-03-19T03:30:18,1, 0
2016-03-19T03:30:20,1, 0
2016-03-19T03:30:21,1, 0
2016-03-19T03:30:23,1, 0
2016-03-19T03:30:25,1, 0
2016-03-19T03:30:27,1, 0
2016-03-19T03:30:29,1, 0
2016-03-19T03:30:31,1, 0
2016-03-19T03:30:33,1, 0
2016-03-19T03:30:34,1, 1
2016-03-19T03:30:35,1, 0
2016-03-19T03:30:37,1, 0
2016-03-19T03:30:39,1, 0
2016-03-19T03:30:41,1, 0
2016-03-19T03:30:42,1, 0
2016-03-19T03:30:44,1, 0
2016-03-19T03:30:46,1, 0
2016-03-19T03:30:48,1, 0
2016-03-19T03:30:50,1, 0
2016-03-19T03:30:52,1, 0
2016-03-19T03:30:54,1, 0
2016-03-19T03:30:56,1, 0
2016-03-19T03:30:58,1, 0
2016-03-19T03:31:00,1, 0
2016-03-19T03:31:02,1, 0
2016-03-19T03:31:04,1, 0
2016-03-19T03:31:06,1, 0
2016-03-19T03:31:08,1, 0
2016-03-19T03:31:11,1, 0
2016-03-19T03:31:13,1, 0
2016-03-19T03:31:16,1, 0
2016-03-19T03:31:19,1, 0
2016-03-19T03:31:22,1, 0
2016-03-19T03:31:24,1, 0
2016-03-19T03:31:26,1, 0
2016-03-19T03:31:29,1, 0
2016-03-19T03:31:31,1, 0
2016-03-19T03:31:34,1, 0
2016-03-19T03:31:36,1, 0
2016-03-19T03:31:38,1, 0
2016-03-19T03:31:40,1, 0
2016-03-19T03:31:43,1, 0
2016-03-19T03:31:45,1, 0
2016-03-19T03:31:47,1, 0
2016-03-19T03:31:50,1, 0
2016-03-19T03:31:52,1, 0
2016-03-19T03:31:54,1, 0
2016-03-19T03:31:57,1, 0
2016-03-19T03:31:59,1, 0
2016-03-19T03:32:01,1, 0
2016-03-19T03:32:03,1, 0
2016-03-19T03:32:06,1, 0
2016-03-19T03:32:08,1, 0
2016-03-19T03:32:10,1, 0
2016-03-19T03:32:13,1, 0
2016-03-19T03:32:15,2, 0
2016-03-19T03:32:17,1, 0
2016-03-19T03:32:19,1, 0
2016-03-19T03:32:21,1, 0
2016-03-19T03:32:24,1, 0
2016-03-19T03:32:26,1, 0
2016-03-19T03:32:28,1, 0
2016-03-19T03:32:30,1, 0
2016-03-19T03:32:32,1, 0
2016-03-19T03:32:34,1, 0
2016-03-19T03:33:55,1, 0
2016-03-19T03:35:36,1, 0
2016-03-19T03:37:18,1, 0
2016-03-19T03:38:58,1, 0
2016-03-19T03:40:39,1, 0
2016-03-19T03:42:20,1, 0
2016-03-19T03:44:01,1, 0
2016-03-19T03:45:41,1, 0
2016-03-19T03:46:21,1, 1
2016-03-19T03:46:22,1, 1
2016-03-19T03:46:23,1, 1
2016-03-19T03:46:24,1, 0
2016-03-19T03:46:25,1, 0
2016-03-19T03:46:26,2, 0
2016-03-19T03:46:27,1, 0
2016-03-19T03:46:28,1, 0
2016-03-19T03:46:29,1, 0
2016-03-19T03:46:30,1, 0
2016-03-19T03:46:32,2, 2
2016-03-19T03:46:33,1, 0
2016-03-19T03:46:35,2, 0
2016-03-19T03:46:36,1, 0
2016-03-19T03:46:38,1, 0
2016-03-19T03:46:39,1, 0
2016-03-19T03:46:40,1, 0
2016-03-19T03:46:41,1, 0
2016-03-19T03:46:42,1, 0
2016-03-19T03:46:43,1, 0
2016-03-19T03:46:45,2, 0
2016-03-19T03:46:47,1, 0
2016-03-19T03:46:48,1, 0
2016-03-19T03:46:49,1, 0
2016-03-19T03:46:50,1, 0
2016-03-19T03:46:52,2, 0
2016-03-19T03:46:54,1, 0
2016-03-19T03:46:55,1, 0
2016-03-19T03:46:56,1, 0
2016-03-19T03:46:58,1, 0
2016-03-19T03:46:59,1, 0
2016-03-19T03:47:01,1, 0
2016-03-19T03:47:02,1, 0
2016-03-19T03:47:22,1, 0
2016-03-19T03:49:03,1, 0
2016-03-19T03:49:54,1, 1
2016-03-19T03:49:55,1, 1
2016-03-19T03:49:57,1, 1
2016-03-19T03:49:58,1, 0
2016-03-19T03:49:59,1, 0
2016-03-19T03:50:01,1, 1
2016-03-19T03:50:02,1, 0
2016-03-19T03:50:04,1, 0
2016-03-19T03:50:05,1, 0
2016-03-19T03:50:07,1, 0
2016-03-19T03:50:08,1, 0
2016-03-19T03:50:10,1, 0
2016-03-19T03:50:11,1, 0
2016-03-19T03:50:13,1, 0
2016-03-19T03:50:14,1, 0
2016-03-19T03:50:16,1, 0
2016-03-19T03:50:17,1, 0
2016-03-19T03:50:19,1, 0
2016-03-19T03:50:20,1, 0
2016-03-19T03:50:22,1, 0
2016-03-19T03:50:26,1, 1
2016-03-19T03:50:27,1, 1
2016-03-19T03:50:29,1, 1
2016-03-19T03:50:30,1, 0
2016-03-19T03:50:31,1, 0
2016-03-19T03:50:33,1, 1
2016-03-19T03:50:34,1, 0
2016-03-19T03:50:36,1, 0
2016-03-19T03:50:37,1, 0
2016-03-19T03:50:39,1, 0
2016-03-19T03:50:42,1, 1
2016-03-19T03:50:43,1, 1
2016-03-19T03:50:44,2, 1
2016-03-19T03:50:46,1, 1
2016-03-19T03:50:47,1, 0
2016-03-19T03:52:25,1, 1
2016-03-19T03:54:06,1, 0
2016-03-19T03:55:47,1, 0
2016-03-19T03:57:28,1, 0
2016-03-19T03:59:09,1, 0
2016-03-19T04:00:50,1, 0
2016-03-19T04:02:31,1, 0
2016-03-19T04:04:12,1, 0
2016-03-19T04:04:53,1, 1
2016-03-19T04:04:54,1, 1
2016-03-19T04:04:56,1, 1
2016-03-19T04:04:57,1, 0
2016-03-19T04:04:59,1, 0
2016-03-19T04:05:01,1, 0
2016-03-19T04:05:02,1, 0
2016-03-19T04:05:04,1, 0
2016-03-19T04:05:06,1, 0
2016-03-19T04:05:08,2, 2
2016-03-19T04:05:53,1, 0
2016-03-19T04:07:02,1, 1
2016-03-19T04:07:03,1, 1
2016-03-19T04:07:04,1, 1
2016-03-19T04:07:05,1, 1
2016-03-19T04:07:06,1, 1
2016-03-19T04:07:07,1, 1
2016-03-19T04:07:09,1, 0
2016-03-19T04:07:10,1, 0
2016-03-19T04:07:11,1, 0
2016-03-19T04:07:12,1, 0
2016-03-19T04:07:13,1, 0
2016-03-19T04:07:15,1, 0
2016-03-19T04:07:16,1, 0
2016-03-19T04:07:24,1, 0
2016-03-19T04:07:29,1, 0
2016-03-19T04:07:30,1, 0
2016-03-19T04:07:31,2, 1
2016-03-19T04:07:33,1, 0
2016-03-19T04:07:34,1, 0
2016-03-19T04:09:12,1, 1
2016-03-19T04:10:53,1, 0
2016-03-19T04:12:34,1, 0
2016-03-19T04:14:15,1, 0
2016-03-19T04:15:56,1, 0
2016-03-19T04:16:20,1, 1
2016-03-19T04:16:21,1, 1
2016-03-19T04:16:23,1, 1
2016-03-19T04:16:24,1, 0
2016-03-19T04:16:26,1, 0
2016-03-19T04:16:27,1, 0
2016-03-19T04:16:29,1, 0
2016-03-19T04:16:31,1, 0
2016-03-19T04:16:33,1, 1
2016-03-19T04:16:34,1, 0
2016-03-19T04:16:36,1, 1
2016-03-19T04:16:38,1, 1
2016-03-19T04:16:40,1, 0
2016-03-19T04:16:42,1, 0
2016-03-19T04:16:44,1, 0
2016-03-19T04:16:46,1, 0
2016-03-19T04:16:48,1, 0
2016-03-19T04:16:50,1, 0
2016-03-19T04:16:52,1, 0
2016-03-19T04:16:54,1, 0
2016-03-19T04:16:56,1, 0
2016-03-19T04:16:58,1, 0
2016-03-19T04:17:00,1, 0
2016-03-19T04:17:02,1, 0
2016-03-19T04:17:04,1, 0
2016-03-19T04:17:07,1, 1
2016-03-19T04:17:09,1, 0
2016-03-19T04:17:37,1, 0
2016-03-19T04:19:18,1, 1
2016-03-19T04:20:59,1, 0
2016-03-19T04:22:40,1, 0
2016-03-19T04:24:21,1, 1
2016-03-19T04:26:02,1, 0
2016-03-19T04:27:14,1, 1
2016-03-19T04:27:42,1, 0
2016-03-19T04:28:54,1, 1
2016-03-19T04:29:24,1, 0
2016-03-19T04:30:34,1, 1
2016-03-19T04:31:04,1, 0
2016-03-19T04:32:14,1, 1
2016-03-19T04:32:45,1, 0
2016-03-19T04:32:54,2, 1
2016-03-19T04:32:55,1, 0
2016-03-19T04:32:56,1, 0
2016-03-19T04:32:57,2, 0
2016-03-19T04:32:58,1, 0
2016-03-19T04:32:59,1, 0
2016-03-19T04:33:00,1, 0
2016-03-19T04:33:01,2, 0
2016-03-19T04:33:02,1, 0
2016-03-19T04:33:03,1, 0
2016-03-19T04:33:04,1, 0
2016-03-19T04:33:05,1, 0
2016-03-19T04:33:06,1, 0
2016-03-19T04:33:07,1, 0
2016-03-19T04:33:08,2, 0
2016-03-19T04:33:09,1, 0
2016-03-19T04:33:10,1, 0
2016-03-19T04:33:11,1, 0
2016-03-19T04:33:12,1, 0
2016-03-19T04:33:13,1, 0
2016-03-19T04:33:14,1, 0
2016-03-19T04:33:15,1, 0
2016-03-19T04:33:16,1, 0
2016-03-19T04:33:17,1, 0
2016-03-19T04:33:18,1, 0
2016-03-19T04:33:19,1, 0
2016-03-19T04:33:20,1, 0
2016-03-19T04:33:21,1, 0
2016-03-19T04:33:23,1, 0
2016-03-19T04:33:24,1, 0
2016-03-19T04:33:25,1, 0
2016-03-19T04:33:26,1, 0
2016-03-19T04:33:27,1, 0
2016-03-19T04:33:28,1, 0
2016-03-19T04:33:29,1, 0
2016-03-19T04:33:30,1, 0
2016-03-19T04:33:31,1, 0
2016-03-19T04:33:33,1, 0
2016-03-19T04:33:34,1, 0
2016-03-19T04:33:35,1, 0
2016-03-19T04:33:36,1, 0
2016-03-19T04:33:37,1, 0
2016-03-19T04:33:39,1, 0
2016-03-19T04:33:41,1, 0
2016-03-19T04:33:42,1, 0
2016-03-19T04:33:44,1, 0
2016-03-19T04:33:45,1, 0
2016-03-19T04:33:47,1, 0
2016-03-19T04:33:48,1, 0
2016-03-19T04:33:49,1, 0
2016-03-19T04:33:51,1, 0
2016-03-19T04:33:52,1, 0
2016-03-19T04:33:54,1, 0
2016-03-19T04:33:55,1, 0
2016-03-19T04:33:57,1, 0
2016-03-19T04:33:58,1, 0
2016-03-19T04:34:00,1, 0
2016-03-19T04:34:01,1, 0
2016-03-19T04:34:03,1, 0
2016-03-19T04:34:04,1, 0
2016-03-19T04:34:06,1, 0
2016-03-19T04:34:07,1, 0
2016-03-19T04:34:09,1, 0
2016-03-19T04:34:18,1, 0
2016-03-19T04:34:20,1, 0
2016-03-19T04:34:21,1, 0
2016-03-19T04:34:22,1, 0
2016-03-19T04:34:24,1, 0
2016-03-19T04:34:25,1, 0
2016-03-19T04:34:26,1, 0
2016-03-19T04:34:27,1, 0
2016-03-19T04:35:56,2, 2
2016-03-19T04:35:57,1, 1
2016-03-19T04:35:58,1, 0
2016-03-19T04:35:59,1, 0
2016-03-19T04:36:00,1, 1
2016-03-19T04:36:01,1, 0
2016-03-19T04:36:02,1, 0
2016-03-19T04:36:03,1, 0
2016-03-19T04:36:04,1, 0
2016-03-19T04:36:05,1, 0
2016-03-19T04:36:06,1, 0
2016-03-19T04:36:07,2, 0
2016-03-19T04:36:08,1, 0
2016-03-19T04:36:10,1, 0
2016-03-19T04:36:11,1, 0
2016-03-19T04:36:12,1, 0
2016-03-19T04:36:14,1, 0
2016-03-19T04:36:15,1, 0
2016-03-19T04:36:16,1, 0
2016-03-19T04:36:18,1, 0
2016-03-19T04:36:20,1, 0
2016-03-19T04:36:21,1, 0
2016-03-19T04:37:48,1, 0
2016-03-19T04:39:29,1, 0
2016-03-19T04:40:38,1, 1
2016-03-19T04:40:41,1, 1
2016-03-19T04:40:42,1, 1
2016-03-19T04:40:43,1, 0
2016-03-19T04:40:44,1, 0
2016-03-19T04:40:45,1, 0
2016-03-19T04:40:46,1, 0
2016-03-19T04:40:47,1, 0
2016-03-19T04:40:48,1, 0
2016-03-19T04:40:50,1, 0
2016-03-19T04:40:51,1, 0
2016-03-19T04:40:52,1, 0
2016-03-19T04:40:53,1, 0
2016-03-19T04:40:55,1, 0
2016-03-19T04:40:56,1, 0
2016-03-19T04:40:58,1, 0
2016-03-19T04:40:59,1, 1
2016-03-19T04:41:00,1, 0
2016-03-19T04:41:02,2, 1
2016-03-19T04:41:10,1, 0
2016-03-19T04:42:48,1, 1
2016-03-19T04:44:29,1, 1
2016-03-19T04:46:10,1, 0
2016-03-19T04:47:51,1, 0
2016-03-19T04:49:32,1, 1
2016-03-19T04:50:22,1, 1
2016-03-19T04:51:13,1, 0
2016-03-19T04:52:54,1, 0
2016-03-19T04:54:35,1, 0
2016-03-19T04:56:16,1, 0
2016-03-19T04:57:57,1, 0
2016-03-19T04:58:27,2, 2
2016-03-19T04:58:28,1, 1
2016-03-19T04:58:29,1, 0
2016-03-19T04:58:30,1, 0
2016-03-19T04:58:31,1, 0
2016-03-19T04:58:32,2, 0
2016-03-19T04:58:33,1, 0
2016-03-19T04:58:34,1, 0
2016-03-19T04:58:35,1, 0
2016-03-19T04:58:36,2, 0
2016-03-19T04:58:37,1, 0
2016-03-19T04:58:38,1, 0
2016-03-19T04:58:39,1, 0
2016-03-19T04:58:40,1, 0
2016-03-19T04:58:41,2, 0
2016-03-19T04:58:42,1, 0
2016-03-19T04:58:43,1, 0
2016-03-19T04:58:44,1, 0
2016-03-19T04:58:47,1, 0
2016-03-19T04:58:48,1, 0
2016-03-19T04:58:49,2, 0
2016-03-19T04:58:50,1, 0
2016-03-19T04:58:51,1, 0
2016-03-19T04:58:52,1, 0
2016-03-19T04:58:53,1, 0
2016-03-19T04:58:54,1, 0
2016-03-19T04:58:55,1, 0
2016-03-19T04:58:56,1, 0
2016-03-19T04:58:57,1, 0
2016-03-19T04:58:58,1, 1
2016-03-19T04:58:59,1, 0
2016-03-19T04:59:00,1, 0
2016-03-19T04:59:01,2, 0
2016-03-19T04:59:03,1, 0
2016-03-19T04:59:04,1, 0
2016-03-19T04:59:05,1, 0
2016-03-19T04:59:06,1, 0
2016-03-19T04:59:07,1, 0
2016-03-19T04:59:08,1, 0
2016-03-19T04:59:09,1, 0
2016-03-19T04:59:10,1, 0
2016-03-19T04:59:11,1, 0
2016-03-19T04:59:12,1, 0
2016-03-19T04:59:13,1, 0
2016-03-19T04:59:14,1, 0
2016-03-19T04:59:16,1, 0
2016-03-19T04:59:17,1, 0
2016-03-19T04:59:18,1, 0
2016-03-19T04:59:19,1, 0
2016-03-19T04:59:21,1, 0
2016-03-19T04:59:22,1, 0
2016-03-19T04:59:24,1, 0
2016-03-19T04:59:25,1, 0
2016-03-19T04:59:26,1, 0
2016-03-19T04:59:27,1, 0
2016-03-19T04:59:29,1, 0
2016-03-19T04:59:30,1, 0
2016-03-19T04:59:31,1, 0
2016-03-19T04:59:32,1, 0
2016-03-19T04:59:34,1, 0
2016-03-19T04:59:35,1, 0
2016-03-19T04:59:36,1, 0
2016-03-19T04:59:37,1, 0
2016-03-19T04:59:38,1, 0
2016-03-19T04:59:39,1, 0
2016-03-19T04:59:40,1, 0
2016-03-19T04:59:41,1, 0
2016-03-19T04:59:43,1, 0
2016-03-19T04:59:44,1, 0
2016-03-19T04:59:45,1, 0
2016-03-19T04:59:47,1, 0
2016-03-19T04:59:48,1, 0
2016-03-19T05:01:19,1, 1
2016-03-19T05:02:59,1, 1
2016-03-19T05:04:40,1, 0
2016-03-19T05:06:21,1, 0
2016-03-19T05:08:02,1, 0
2016-03-19T05:09:43,1, 0
2016-03-19T05:11:24,1, 0
2016-03-19T05:13:05,1, 0
2016-03-19T05:14:46,1, 0
2016-03-19T05:16:27,1, 0
2016-03-19T05:18:08,1, 0
2016-03-19T05:19:49,1, 0
2016-03-19T05:21:30,1, 0
2016-03-19T05:23:12,1, 0
2016-03-19T05:24:53,1, 0
2016-03-19T05:26:34,1, 0
2016-03-19T05:26:45,1, 1
2016-03-19T05:26:56,1, 1
2016-03-19T05:26:59,1, 1
2016-03-19T05:27:02,1, 1
2016-03-19T05:27:06,1, 0
2016-03-19T05:27:09,1, 0
2016-03-19T05:27:13,1, 1
2016-03-19T05:27:17,1, 0
2016-03-19T05:27:21,1, 0
2016-03-19T05:27:25,1, 0
2016-03-19T05:27:28,1, 0
2016-03-19T05:27:32,1, 0
2016-03-19T05:27:36,1, 0
2016-03-19T05:27:41,1, 0
2016-03-19T05:27:45,1, 0
2016-03-19T05:27:50,1, 0
2016-03-19T05:27:56,1, 0
2016-03-19T05:28:04,1, 0
2016-03-19T05:28:15,1, 0
2016-03-19T05:29:56,1, 0
2016-03-19T05:31:37,1, 0
2016-03-19T05:33:18,1, 0
2016-03-19T05:34:59,1, 0
2016-03-19T05:36:40,1, 0
2016-03-19T05:38:21,1, 0
2016-03-19T05:39:11,1, 1
2016-03-19T05:40:02,1, 0
2016-03-19T05:41:43,1, 0
2016-03-19T05:43:24,1, 0
2016-03-19T05:43:50,1, 1
2016-03-19T05:43:51,1, 1
2016-03-19T05:43:53,1, 0
2016-03-19T05:43:54,1, 0
2016-03-19T05:43:56,1, 0
2016-03-19T05:43:58,1, 0
2016-03-19T05:44:00,1, 0
2016-03-19T05:44:01,1, 0
2016-03-19T05:44:03,1, 0
2016-03-19T05:44:05,1, 0
2016-03-19T05:44:07,1, 0
2016-03-19T05:44:08,1, 0
2016-03-19T05:44:10,1, 0
2016-03-19T05:44:12,1, 0
2016-03-19T05:44:14,1, 0
2016-03-19T05:44:15,1, 0
2016-03-19T05:44:17,1, 0
2016-03-19T05:44:19,1, 0
2016-03-19T05:44:21,1, 0
2016-03-19T05:44:23,1, 0
2016-03-19T05:44:25,1, 0
2016-03-19T05:44:27,1, 0
2016-03-19T05:44:29,1, 0
2016-03-19T05:44:31,1, 0
2016-03-19T05:44:33,1, 0
2016-03-19T05:44:35,1, 0
2016-03-19T05:44:37,1, 0
2016-03-19T05:45:05,1, 0
2016-03-19T05:46:46,1, 0
2016-03-19T05:46:55,1, 1
2016-03-19T05:46:56,2, 2
2016-03-19T05:46:57,1, 1
2016-03-19T05:46:58,1, 0
2016-03-19T05:46:59,1, 0
2016-03-19T05:47:00,1, 0
2016-03-19T05:47:01,2, 1
2016-03-19T05:47:02,1, 0
2016-03-19T05:47:03,1, 0
2016-03-19T05:47:04,1, 0
2016-03-19T05:47:05,1, 0
2016-03-19T05:47:06,1, 0
2016-03-19T05:47:07,1, 1
2016-03-19T05:47:08,1, 1
2016-03-19T05:47:09,1, 1
2016-03-19T05:47:10,1, 0
2016-03-19T05:47:11,1, 0
2016-03-19T05:47:12,1, 0
2016-03-19T05:47:13,1, 0
2016-03-19T05:47:14,1, 0
2016-03-19T05:47:15,1, 0
2016-03-19T05:47:16,1, 0
2016-03-19T05:47:17,1, 0
2016-03-19T05:47:19,1, 0
2016-03-19T05:47:20,1, 0
2016-03-19T05:47:21,1, 0
2016-03-19T05:47:23,1, 0
2016-03-19T05:47:24,1, 0
2016-03-19T05:47:26,1, 0
2016-03-19T05:47:28,1, 0
2016-03-19T05:47:29,1, 0
2016-03-19T05:47:31,1, 0
2016-03-19T05:47:32,1, 0
2016-03-19T05:47:34,1, 0
2016-03-19T05:47:35,1, 0
2016-03-19T05:47:37,1, 0
2016-03-19T05:47:38,1, 0
2016-03-19T05:47:40,1, 0
2016-03-19T05:47:41,1, 0
2016-03-19T05:48:27,1, 0
2016-03-19T05:50:08,1, 0
2016-03-19T05:51:49,1, 0
2016-03-19T05:53:30,1, 0
2016-03-19T05:54:20,1, 1
2016-03-19T05:54:21,1, 1
2016-03-19T05:54:22,1, 1
2016-03-19T05:54:24,1, 1
2016-03-19T05:54:25,1, 0
2016-03-19T05:54:27,1, 0
2016-03-19T05:54:28,1, 0
2016-03-19T05:54:30,1, 0
2016-03-19T05:54:31,1, 0
2016-03-19T05:54:33,1, 0
2016-03-19T05:54:34,1, 0
2016-03-19T05:54:36,1, 0
2016-03-19T05:54:38,1, 0
2016-03-19T05:54:40,1, 0
2016-03-19T05:54:41,1, 0
2016-03-19T05:54:43,1, 0
2016-03-19T05:54:45,1, 0
2016-03-19T05:54:47,1, 0
2016-03-19T05:54:48,1, 0
2016-03-19T05:54:50,1, 0
2016-03-19T05:54:52,1, 0
2016-03-19T05:54:54,1, 0
2016-03-19T05:54:56,1, 0
2016-03-19T05:54:58,1, 0
2016-03-19T05:55:00,1, 0
2016-03-19T05:55:02,1, 0
2016-03-19T05:55:05,1, 0
2016-03-19T05:55:07,1, 0
2016-03-19T05:55:09,1, 0
2016-03-19T05:55:11,2, 0
2016-03-19T05:56:53,1, 1
2016-03-19T05:58:34,1, 0
2016-03-19T06:00:15,1, 0
2016-03-19T06:01:57,1, 0
2016-03-19T06:02:10,1, 1
2016-03-19T06:02:14,1, 1
2016-03-19T06:02:19,1, 1
2016-03-19T06:03:38,1, 1
2016-03-19T06:05:19,1, 0
2016-03-19T06:05:50,1, 1
2016-03-19T06:05:51,1, 1
2016-03-19T06:05:52,1, 0
2016-03-19T06:05:53,1, 1
2016-03-19T06:05:55,1, 1
2016-03-19T06:05:56,1, 1
2016-03-19T06:05:57,1, 0
2016-03-19T06:05:58,1, 0
2016-03-19T06:06:00,1, 0
2016-03-19T06:06:01,1, 0
2016-03-19T06:06:03,1, 0
2016-03-19T06:06:04,1, 0
2016-03-19T06:06:05,1, 0
2016-03-19T06:06:07,1, 0
2016-03-19T06:06:08,1, 0
2016-03-19T06:06:10,1, 0
2016-03-19T06:06:11,1, 0
2016-03-19T06:06:13,1, 0
2016-03-19T06:06:15,1, 0
2016-03-19T06:06:16,1, 0
2016-03-19T06:06:18,1, 0
2016-03-19T06:06:19,1, 0
2016-03-19T06:06:21,1, 0
2016-03-19T06:06:23,1, 0
2016-03-19T06:06:25,1, 0
2016-03-19T06:06:26,1, 0
2016-03-19T06:06:28,1, 0
2016-03-19T06:06:30,1, 0
2016-03-19T06:06:32,1, 0
2016-03-19T06:06:33,1, 0
2016-03-19T06:06:35,1, 0
2016-03-19T06:06:37,1, 0
2016-03-19T06:06:39,1, 0
2016-03-19T06:06:41,1, 0
2016-03-19T06:06:43,1, 0
2016-03-19T06:06:45,1, 0
2016-03-19T06:06:47,1, 0
2016-03-19T06:06:49,1, 0
2016-03-19T06:06:51,1, 0
2016-03-19T06:06:53,1, 0
2016-03-19T06:06:55,1, 0
2016-03-19T06:06:57,1, 0
2016-03-19T06:06:59,1, 0
2016-03-19T06:07:01,1, 0
2016-03-19T06:07:02,1, 0
2016-03-19T06:07:04,1, 0
2016-03-19T06:07:06,1, 0
2016-03-19T06:07:08,1, 0
2016-03-19T06:07:10,1, 0
2016-03-19T06:07:13,1, 0
2016-03-19T06:07:15,1, 0
2016-03-19T06:07:39,1, 0
2016-03-19T06:08:42,1, 0
2016-03-19T06:10:23,1, 0
2016-03-19T06:12:04,1, 0
2016-03-19T06:13:45,1, 0
2016-03-19T06:15:26,1, 0
2016-03-19T06:17:06,1, 1
2016-03-19T06:17:08,2, 1
2016-03-19T06:17:09,1, 0
2016-03-19T06:17:11,1, 0
2016-03-19T06:17:12,1, 0
2016-03-19T06:17:13,1, 1
2016-03-19T06:17:15,1, 0
2016-03-19T06:17:16,1, 0
2016-03-19T06:17:18,1, 0
2016-03-19T06:17:19,1, 0
2016-03-19T06:17:21,1, 0
2016-03-19T06:17:55,1, 0
2016-03-19T06:17:57,1, 0
2016-03-19T06:17:58,1, 0
2016-03-19T06:18:00,1, 0
2016-03-19T06:18:02,1, 0
2016-03-19T06:18:13,1, 0
2016-03-19T06:18:42,1, 0
2016-03-19T06:18:44,1, 0
2016-03-19T06:18:46,1, 0
2016-03-19T06:18:47,1, 0
2016-03-19T06:18:49,2, 0
2016-03-19T06:18:51,1, 0
2016-03-19T06:20:30,1, 0
2016-03-19T06:22:12,1, 0
2016-03-19T06:23:53,1, 0
2016-03-19T06:25:35,1, 1
2016-03-19T06:27:16,1, 0
2016-03-19T06:28:59,1, 0
2016-03-19T06:30:40,1, 0
2016-03-19T06:32:22,1, 0
2016-03-19T06:34:03,1, 0
2016-03-19T06:34:33,1, 1
2016-03-19T06:34:38,1, 1
2016-03-19T06:34:43,1, 1
2016-03-19T06:34:47,1, 1
2016-03-19T06:34:52,1, 0
2016-03-19T06:34:57,1, 0
2016-03-19T06:35:03,1, 0
2016-03-19T06:35:10,1, 0
2016-03-19T06:35:44,1, 0
2016-03-19T06:37:26,1, 0
