AnonIP,count
164.44.178.191,826
179.110.7.152,802
167.188.80.64,607
217.121.138.7,523
163.108.165.22,516
164.55.123.127,346
46.202.231.236,325
193.241.34.227,285
163.106.22.213,272
176.216.109.136,268
21.41.131.186,265
21.41.248.178,217
193.44.68.65,212
88.194.238.21,207
193.217.50.23,191
160.203.124.211,184
167.236.7.28,179
179.236.163.198,173
164.38.9.72,160
179.225.233.196,159
253.8.94.192,141
87.216.43.25,141
239.255.13.39,138
73.186.170.172,135
164.58.221.221,132
167.188.132.190,128
179.231.217.184,124
170.205.112.144,117
253.10.30.36,105
166.39.16.172,105
32.107.198.74,87
164.36.25.221,84
160.123.178.184,83
208.211.208.195,82
169.235.0.9,80
160.171.119.159,79
88.120.13.43,72
160.8.253.194,70
217.123.56.5,69
160.194.13.96,65
161.141.22.31,64
166.195.86.33,62
168.1.17.254,62
179.227.10.127,61
172.231.128.137,60
193.213.59.180,58
166.205.140.175,56
179.110.178.20,56
166.199.143.235,56
193.29.88.164,56
164.42.64.194,55
163.111.0.119,54
245.125.117.144,53
253.10.28.18,53
45.249.244.194,52
176.21.145.248,51
239.78.164.78,50
172.222.43.17,50
45.71.64.133,50
47.115.91.182,50
169.247.22.32,50
170.198.121.70,50
4.122.126.75,49
168.232.51.160,48
40.236.100.184,48
163.105.197.202,47
176.21.113.154,47
179.110.193.102,46
89.78.39.106,46
18.136.109.196,45
176.219.95.154,45
167.81.131.233,45
164.32.182.158,45
176.21.51.174,44
88.122.217.90,44
209.236.35.234,44
161.177.16.34,43
164.43.173.197,43
164.138.215.21,42
163.107.163.41,42
87.216.98.14,42
179.110.247.3,41
166.199.16.7,41
161.142.194.218,40
172.231.225.233,40
88.156.202.194,39
32.107.175.214,39
164.55.118.135,39
164.161.43.125,39
166.246.18.212,39
169.253.124.163,38
172.231.234.219,38
164.36.224.5,37
21.41.188.31,36
170.194.44.195,35
165.122.160.186,35
164.34.149.26,34
176.216.41.112,33
46.115.63.104,33
169.224.220.112,32
164.35.240.135,32
45.71.134.255,32
160.192.149.120,32
72.113.175.198,31
163.111.65.238,31
191.103.84.189,31
161.176.239.216,30
179.110.204.205,30
164.47.126.7,30
224.54.218.1,29
164.49.146.7,29
169.246.84.6,29
32.108.172.213,29
164.209.222.110,29
167.238.159.107,29
209.35.212.188,29
89.33.181.38,28
166.117.199.24,28
164.161.66.44,28
87.78.203.159,28
172.229.14.115,28
185.240.172.156,28
169.252.101.143,27
167.238.1.248,27
169.248.143.132,27
179.239.44.245,27
163.177.228.218,26
164.53.158.132,26
193.148.64.123,26
193.212.32.154,26
169.67.139.111,26
163.110.235.234,26
166.206.210.242,25
169.233.81.19,25
179.111.53.97,25
164.34.54.191,24
167.188.92.107,24
160.170.173.164,24
164.36.168.160,24
161.176.132.230,24
176.222.45.181,24
171.168.241.93,24
32.109.146.162,23
172.221.201.247,23
161.182.32.92,23
89.33.233.25,23
193.149.148.241,23
176.216.28.27,22
166.211.115.93,22
87.216.88.232,22
167.238.92.93,21
168.131.180.242,21
87.217.206.165,21
172.230.132.111,21
164.57.227.43,20
170.203.105.205,20
174.19.4.148,20
46.112.158.170,20
179.239.46.120,20
164.61.218.107,19
253.11.200.90,19
176.216.30.10,19
173.146.212.63,19
166.202.30.229,19
161.182.37.134,19
167.236.182.255,18
253.10.231.229,18
175.219.13.192,18
193.241.145.238,18
193.212.172.115,18
21.41.248.176,18
165.62.162.27,18
161.178.237.102,18
179.224.69.71,17
176.21.53.58,17
217.121.54.135,17
168.130.202.203,17
32.111.37.23,17
166.101.83.44,17
161.35.6.201,17
161.181.236.60,16
167.81.2.51,16
32.107.121.227,16
160.196.122.17,16
163.105.117.22,16
47.151.255.219,16
164.48.30.48,16
40.241.197.101,15
175.218.152.110,15
169.254.218.150,15
164.41.100.212,15
164.102.18.59,15
217.54.74.92,15
164.102.25.173,15
160.200.86.46,15
253.11.60.9,14
42.5.219.122,14
5.17.211.49,14
169.252.116.90,14
164.57.73.32,14
164.42.35.152,14
22.7.224.23,14
59.82.139.194,14
239.255.32.39,14
217.123.144.118,14
164.60.93.132,14
166.117.128.21,14
170.202.35.63,14
164.34.221.148,14
209.217.78.34,14
46.114.6.58,14
160.199.24.97,13
171.168.19.181,13
172.5.169.118,13
168.25.133.124,13
89.78.39.190,13
179.228.195.109,13
161.141.251.247,13
217.123.88.34,13
37.235.143.158,13
164.44.28.40,13
89.238.13.112,13
160.9.204.30,13
49.216.245.4,12
165.98.91.243,12
172.220.99.218,12
164.50.44.26,12
164.59.111.58,12
217.123.129.170,12
239.255.78.241,12
169.247.49.80,12
88.140.161.196,12
172.137.104.237,12
193.165.215.72,11
179.236.75.37,11
22.70.61.150,11
253.9.32.90,11
32.107.198.21,11
253.106.211.102,11
32.107.202.242,11
169.244.230.34,11
166.194.159.235,11
209.11.124.119,11
217.123.137.209,11
164.54.250.13,10
42.43.139.56,10
171.168.17.176,10
161.178.215.176,10
164.61.52.117,10
69.32.227.222,10
28.27.222.180,10
167.239.160.23,10
164.46.184.111,10
166.48.112.27,10
161.176.108.229,10
42.15.235.136,10
164.42.19.200,10
169.251.127.34,10
164.57.4.64,10
22.7.79.149,10
161.183.118.189,10
172.227.31.166,10
239.255.14.2,10
164.60.239.208,9
171.168.250.13,9
172.231.180.252,9
179.231.35.172,9
32.108.13.205,9
169.237.87.53,9
32.105.60.229,9
217.121.217.20,9
163.109.212.21,9
161.180.24.30,9
42.163.60.81,9
179.236.26.190,9
46.109.22.188,9
208.211.214.215,8
161.183.185.91,8
172.5.169.108,8
179.231.94.120,8
208.210.5.32,8
164.56.244.251,8
167.239.205.55,8
172.5.169.98,8
239.255.15.189,8
164.218.106.176,8
46.113.57.82,8
166.193.69.155,8
160.201.208.43,8
39.124.72.133,8
71.76.205.2,8
170.198.2.230,7
161.141.25.72,7
166.27.81.14,7
164.33.29.28,7
172.229.27.165,7
164.47.155.211,7
163.109.190.235,7
166.246.36.33,7
