json.IP	count
83.44.180.192	826
79.109.200.103	802
80.103.183.66	607
87.223.40.153	405
188.171.24.60	266
62.174.56.65	212
213.254.110.41	207
83.56.5.248	191
85.58.76.176	184
79.147.60.7	173
87.219.214.173	162
83.33.198.206	160
79.158.214.4	159
31.4.196.158	138
80.103.64.194	128
83.55.93.221	125
79.152.88.70	124
90.174.3.232	117
81.184.87.156	105
2.139.230.36	105
176.83.200.75	87
47.60.39.0	82
88.20.111.10	80
85.84.3.96	79
213.96.2.220	72
85.136.205.194	70
37.132.201.133	69
84.78.16.50	64
89.7.17.225	62
95.16.71.137	60
81.47.140.175	56
79.109.100.43	56
62.151.103.92	56
83.42.191.195	55
87.220.199.254	54
190.1.197.34	52
77.27.146.7	51
90.165.138.182	50
88.8.22.35	50
31.205.59.79	50
190.167.63.101	50
189.78.91.138	50
87.217.197.61	47
79.109.46.167	46
212.183.219.233	46
83.36.105.145	45
80.174.132.22	45
46.18.45.21	44
84.126.23.29	43
83.43.164.61	43
87.218.124.151	42
83.138.224.250	42
81.36.23.6	41
79.109.9.227	41
95.16.30.22	40
84.77.34.149	40
83.56.8.166	39
83.165.85.251	39
81.9.209.20	39
213.148.196.193	39
176.83.183.26	39
88.6.13.220	38
83.34.31.133	37
90.162.44.187	35
82.135.95.165	35
77.231.214.139	33
188.76.255.118	33
88.30.44.106	32
85.52.144.191	32
83.39.239.167	32
190.167.134.163	32
87.220.190.49	31
77.27.2.101, 54.170.158.33	31
201.141.167.166	31
84.127.23.31	30
83.46.134.7	30
88.9.176.6	29
83.222.46.127	29
80.31.95.171	29
46.222.245.192	29
23.233.104.2	29
95.18.14.112	28
81.202.59.22	28
69.140.116.226	28
212.225.169.38	28
88.7.154.126	27
88.0.143.100	27
80.31.238.7	27
79.144.227.13	27
88.163.131.127	26
87.221.16.41	26
87.111.216.149	26
83.58.158.228	26
62.83.167.132	26
62.42.127.157	26
81.45.52.185	25
85.85.53.220	24
83.34.103.208	24
77.225.213.203	24
95.63.193.59	23
84.121.223.90	23
212.225.214.191	23
176.85.144.157	23
81.60.140.163	22
95.17.97.107	21
89.130.169.234	21
80.31.189.163	21
217.217.238.213	21
93.156.196.252	20
90.170.150.10	20
83.53.220.216	20
188.79.126.213	20
95.61.229.239	19
84.121.218.123	19
83.50.250.108	19
81.43.238.253	19
77.231.238.13	19
2.138.241.85	19
92.59.5.130	18
62.42.160.106	18
62.14.146.49	18
2.139.123.37	18
89.131.74.200	17
84.226.106.206	17
79.159.184.191	17
77.27.105.133	17
37.134.72.231	17
176.86.218.246	17
87.217.66.154	16
85.50.130.31	16
84.123.211.32	16
83.60.222.8	16
77.27.2.101, 54.195.217.234	16
189.144.15.52	16
176.83.102.19	16
92.58.121.241	15
85.56.32.27	15
83.97.237.4	15
37.201.169.80	15
185.13.202.229	15
90.171.237.3	14
88.7.136.85	14
83.53.54.216	14
83.51.162.100	14
83.42.221.126	14
83.38.229.124	14
81.202.79.189	14
46.37.78.25	14
37.132.23.239	14
31.4.239.215	14
2.138.100.10	14
188.77.225.197	14
186.6.227.101	14
148.0.31.31	14
95.131.169.235	13
91.116.211.73	13
85.48.219.158	13
83.44.29.55	13
37.132.171.17	13
212.21.240.239	13
182.19.143.97	13
95.121.23.57	12
88.8.54.174	12
83.54.23.197	12
82.158.185.168	12
37.132.6.93	12
31.4.178.139	12
213.143.46.4	12
172.56.8.228	12
88.11.26.33	11
79.147.171.213	11
62.117.211.72	11
37.132.10.57	11
2.219.49.118	11
2.137.63.85	11
176.83.200.53	11
176.83.196.141	11
148.103.196.123	11
91.116.208.75	10
84.127.148.165	10
84.120.8.194	10
83.57.5.233	10
83.53.68.67	10
83.50.35.117	10
80.30.191.248	10
194.183.97.18	10
186.42.139.199	10
186.12.224.111	10
159.147.254.172	10
148.0.167.169	10
91.116.73.169	9
87.222.83.237	9
84.122.249.254	9
83.51.23.218	9
79.154.60.179	9
79.152.236.80	9
37.134.230.244	9
188.85.16.160	9
186.188.60.81	9
176.84.4.45	9
176.81.33.53	9
95.131.169.248	8
95.131.169.241	8
85.57.215.20	8
83.52.11.228	8
83.213.148.174	8
80.30.242.203	8
79.152.190.102	8
62.43.59.203	8
47.61.194.223	8
47.60.32.215	8
31.4.199.67	8
188.78.104.209	8
181.124.105.121	8
95.18.27.85	7
90.165.194.150	7
87.222.62.148	7
84.78.24.207, 66.249.93.225	7
83.46.91.152	7
83.37.92.252	7
81.9.249.62	7
81.151.46.238	7
77.231.165.186	7
77.230.63.6	7
46.27.55.75	7
46.27.16.78	7
31.4.191.77, 66.249.93.225	7
89.130.246.176	6
89.130.175.4	6
84.123.225.69	6
83.61.127.248	6
83.45.229.100	6
83.37.71.61	6
83.165.63.188	6
79.156.226.96	6
79.153.210.28	6
79.108.217.176	6
62.82.19.2	6
46.234.157.177	6
37.29.141.154	6
217.216.46.239	6
198.27.81.83	6
193.153.225.177	6
95.148.160.55	5
89.141.112.209	5
87.217.195.185	5
85.87.71.81	5
84.76.171.157	5
83.45.145.191	5
81.61.249.112	5
79.155.22.120	5
79.150.211.249	5
77.27.2.101	5
62.83.81.149	5
31.4.195.57	5
213.143.46.109	5
189.163.233.153	5
186.3.209.111	5
181.234.47.7	5
91.232.77.134	4
88.12.185.167	4
84.78.24.207, 66.249.93.231	4
84.78.24.207, 66.249.93.228	4
84.120.52.66	4
83.97.193.123	4
83.52.53.79	4
83.39.248.104	4
82.213.178.161	4
79.158.221.30	4
77.27.2.101, 54.155.84.184	4
77.225.213.78	4
62.57.0.210, 66.249.93.225	4
31.4.191.77, 66.249.93.231	4
212.170.13.187	4
2.137.191.62	4
194.158.94.1	4
190.30.44.218	4
176.83.98.168	4
176.83.252.248	4
176.83.206.92	4
158.255.237.80	4
95.20.34.50	3
95.16.58.44	3
95.131.169.249	3
90.169.202.207	3
88.12.34.31	3
87.221.161.189	3
86.20.66.119	3
85.136.128.163	3
84.124.140.61	3
83.60.102.192	3
83.46.198.57	3
82.158.241.161	3
81.61.22.97	3
81.39.229.69	3
79.152.178.40	3
77.225.226.58	3
62.174.56.130	3
47.60.36.177	3
46.26.81.196	3
